"CommandIndex","Command","PivotIndex","SubType","Table","Path","Number","Text"
1,"Frequencies",1,"Notes","Notes","row:Contents > group:Input > cat:N of Rows in Working Data File",72,"72"
1,"Frequencies",2,"Statistics","Statistics","row:Statistics > group:N > cat:Valid > column:Variables > cat:time",72,"72"
1,"Frequencies",2,"Statistics","Statistics","row:Statistics > group:N > cat:Valid > column:Variables > cat:age",72,"72"
1,"Frequencies",2,"Statistics","Statistics","row:Statistics > group:N > cat:Valid > column:Variables > cat:age_m",70,"70"
1,"Frequencies",2,"Statistics","Statistics","row:Statistics > group:N > cat:Missing > column:Variables > cat:time",0,"0"
1,"Frequencies",2,"Statistics","Statistics","row:Statistics > group:N > cat:Missing > column:Variables > cat:age",0,"0"
1,"Frequencies",2,"Statistics","Statistics","row:Statistics > group:N > cat:Missing > column:Variables > cat:age_m",2,"2"
1,"Frequencies",2,"Statistics","Statistics","row:Statistics > cat:Mean > column:Variables > cat:time",266.33333333333,"266.33"
1,"Frequencies",2,"Statistics","Statistics","row:Statistics > cat:Mean > column:Variables > cat:age",59.972222222222,"59.97"
1,"Frequencies",2,"Statistics","Statistics","row:Statistics > cat:Mean > column:Variables > cat:age_m",60.071428571429,"60.0714"
1,"Frequencies",2,"Statistics","Statistics","row:Statistics > cat:Median > column:Variables > cat:time",259.5,"259.50"
1,"Frequencies",2,"Statistics","Statistics","row:Statistics > cat:Median > column:Variables > cat:age",60,"60.00"
1,"Frequencies",2,"Statistics","Statistics","row:Statistics > cat:Median > column:Variables > cat:age_m",60,"60.0000"
1,"Frequencies",2,"Statistics","Statistics","row:Statistics > cat:Std. Deviation > column:Variables > cat:time",146.09528050528,"146.095"
1,"Frequencies",2,"Statistics","Statistics","row:Statistics > cat:Std. Deviation > column:Variables > cat:age",11.855909826288,"11.856"
1,"Frequencies",2,"Statistics","Statistics","row:Statistics > cat:Std. Deviation > column:Variables > cat:age_m",11.974999837913,"11.97500"
1,"Frequencies",2,"Statistics","Statistics","row:Statistics > cat:Skewness > column:Variables > cat:time",0.10474512999327,".105"
1,"Frequencies",2,"Statistics","Statistics","row:Statistics > cat:Skewness > column:Variables > cat:age",0.029431693156011,".029"
1,"Frequencies",2,"Statistics","Statistics","row:Statistics > cat:Skewness > column:Variables > cat:age_m",0.010031834321163,".010"
1,"Frequencies",2,"Statistics","Statistics","row:Statistics > cat:Kurtosis > column:Variables > cat:time",-1.2289479810269,"-1.229"
1,"Frequencies",2,"Statistics","Statistics","row:Statistics > cat:Kurtosis > column:Variables > cat:age",-1.1986221068435,"-1.199"
1,"Frequencies",2,"Statistics","Statistics","row:Statistics > cat:Kurtosis > column:Variables > cat:age_m",-1.2255761178617,"-1.226"
1,"Frequencies",2,"Statistics","Statistics","row:Statistics > cat:Minimum > column:Variables > cat:time",36,"36"
1,"Frequencies",2,"Statistics","Statistics","row:Statistics > cat:Minimum > column:Variables > cat:age",40,"40"
1,"Frequencies",2,"Statistics","Statistics","row:Statistics > cat:Minimum > column:Variables > cat:age_m",40,"40.00"
1,"Frequencies",2,"Statistics","Statistics","row:Statistics > cat:Maximum > column:Variables > cat:time",519,"519"
1,"Frequencies",2,"Statistics","Statistics","row:Statistics > cat:Maximum > column:Variables > cat:age",80,"80"
1,"Frequencies",2,"Statistics","Statistics","row:Statistics > cat:Maximum > column:Variables > cat:age_m",80,"80.00"
1,"Frequencies",2,"Statistics","Statistics","row:Statistics > group:Percentiles > cat:25 > column:Variables > cat:time",135,"135.00"
1,"Frequencies",2,"Statistics","Statistics","row:Statistics > group:Percentiles > cat:25 > column:Variables > cat:age",50,"50.00"
1,"Frequencies",2,"Statistics","Statistics","row:Statistics > group:Percentiles > cat:25 > column:Variables > cat:age_m",49.75,"49.7500"
1,"Frequencies",2,"Statistics","Statistics","row:Statistics > group:Percentiles > cat:75 > column:Variables > cat:time",389.75,"389.75"
1,"Frequencies",2,"Statistics","Statistics","row:Statistics > group:Percentiles > cat:75 > column:Variables > cat:age",70.75,"70.75"
1,"Frequencies",2,"Statistics","Statistics","row:Statistics > group:Percentiles > cat:75 > column:Variables > cat:age_m",71,"71.0000"
2,"Frequencies",1,"Notes","Notes","row:Contents > group:Input > cat:N of Rows in Working Data File",72,"72"
2,"Frequencies",2,"Statistics","Statistics","row:Statistics > group:N > cat:Valid > column:Variables > cat:status",72,"72"
2,"Frequencies",2,"Statistics","Statistics","row:Statistics > group:N > cat:Valid > column:Variables > cat:sex",72,"72"
2,"Frequencies",2,"Statistics","Statistics","row:Statistics > group:N > cat:Valid > column:Variables > cat:ph_ecog",72,"72"
2,"Frequencies",2,"Statistics","Statistics","row:Statistics > group:N > cat:Valid > column:Variables > cat:status_m",71,"71"
2,"Frequencies",2,"Statistics","Statistics","row:Statistics > group:N > cat:Missing > column:Variables > cat:status",0,"0"
2,"Frequencies",2,"Statistics","Statistics","row:Statistics > group:N > cat:Missing > column:Variables > cat:sex",0,"0"
2,"Frequencies",2,"Statistics","Statistics","row:Statistics > group:N > cat:Missing > column:Variables > cat:ph_ecog",0,"0"
2,"Frequencies",2,"Statistics","Statistics","row:Statistics > group:N > cat:Missing > column:Variables > cat:status_m",1,"1"
2,"Frequencies",3,"Frequencies","status","row:status > group:Valid > group:0 > group:-1 > cat:0 > column:Statistics > cat:Frequency",22,"22"
2,"Frequencies",3,"Frequencies","status","row:status > group:Valid > group:0 > group:-1 > cat:0 > column:Statistics > cat:Percent",30.555555555556,"30.6"
2,"Frequencies",3,"Frequencies","status","row:status > group:Valid > group:0 > group:-1 > cat:0 > column:Statistics > cat:Valid Percent",30.555555555556,"30.6"
2,"Frequencies",3,"Frequencies","status","row:status > group:Valid > group:0 > group:-1 > cat:0 > column:Statistics > cat:Cumulative Percent",30.555555555556,"30.6"
2,"Frequencies",3,"Frequencies","status","row:status > group:Valid > group:0 > group:-1 > cat:1 > column:Statistics > cat:Frequency",50,"50"
2,"Frequencies",3,"Frequencies","status","row:status > group:Valid > group:0 > group:-1 > cat:1 > column:Statistics > cat:Percent",69.444444444444,"69.4"
2,"Frequencies",3,"Frequencies","status","row:status > group:Valid > group:0 > group:-1 > cat:1 > column:Statistics > cat:Valid Percent",69.444444444444,"69.4"
2,"Frequencies",3,"Frequencies","status","row:status > group:Valid > group:0 > group:-1 > cat:1 > column:Statistics > cat:Cumulative Percent",100,"100.0"
2,"Frequencies",3,"Frequencies","status","row:status > group:Valid > cat:Total > column:Statistics > cat:Frequency",72,"72"
2,"Frequencies",3,"Frequencies","status","row:status > group:Valid > cat:Total > column:Statistics > cat:Percent",100,"100.0"
2,"Frequencies",3,"Frequencies","status","row:status > group:Valid > cat:Total > column:Statistics > cat:Valid Percent",100,"100.0"
2,"Frequencies",4,"Frequencies","sex","row:sex > group:Valid > group:0 > group:-1 > cat:1 > column:Statistics > cat:Frequency",36,"36"
2,"Frequencies",4,"Frequencies","sex","row:sex > group:Valid > group:0 > group:-1 > cat:1 > column:Statistics > cat:Percent",50,"50.0"
2,"Frequencies",4,"Frequencies","sex","row:sex > group:Valid > group:0 > group:-1 > cat:1 > column:Statistics > cat:Valid Percent",50,"50.0"
2,"Frequencies",4,"Frequencies","sex","row:sex > group:Valid > group:0 > group:-1 > cat:1 > column:Statistics > cat:Cumulative Percent",50,"50.0"
2,"Frequencies",4,"Frequencies","sex","row:sex > group:Valid > group:0 > group:-1 > cat:2 > column:Statistics > cat:Frequency",36,"36"
2,"Frequencies",4,"Frequencies","sex","row:sex > group:Valid > group:0 > group:-1 > cat:2 > column:Statistics > cat:Percent",50,"50.0"
2,"Frequencies",4,"Frequencies","sex","row:sex > group:Valid > group:0 > group:-1 > cat:2 > column:Statistics > cat:Valid Percent",50,"50.0"
2,"Frequencies",4,"Frequencies","sex","row:sex > group:Valid > group:0 > group:-1 > cat:2 > column:Statistics > cat:Cumulative Percent",100,"100.0"
2,"Frequencies",4,"Frequencies","sex","row:sex > group:Valid > cat:Total > column:Statistics > cat:Frequency",72,"72"
2,"Frequencies",4,"Frequencies","sex","row:sex > group:Valid > cat:Total > column:Statistics > cat:Percent",100,"100.0"
2,"Frequencies",4,"Frequencies","sex","row:sex > group:Valid > cat:Total > column:Statistics > cat:Valid Percent",100,"100.0"
2,"Frequencies",5,"Frequencies","ph_ecog","row:ph_ecog > group:Valid > group:0 > group:-1 > cat:0 > column:Statistics > cat:Frequency",24,"24"
2,"Frequencies",5,"Frequencies","ph_ecog","row:ph_ecog > group:Valid > group:0 > group:-1 > cat:0 > column:Statistics > cat:Percent",33.333333333333,"33.3"
2,"Frequencies",5,"Frequencies","ph_ecog","row:ph_ecog > group:Valid > group:0 > group:-1 > cat:0 > column:Statistics > cat:Valid Percent",33.333333333333,"33.3"
2,"Frequencies",5,"Frequencies","ph_ecog","row:ph_ecog > group:Valid > group:0 > group:-1 > cat:0 > column:Statistics > cat:Cumulative Percent",33.333333333333,"33.3"
2,"Frequencies",5,"Frequencies","ph_ecog","row:ph_ecog > group:Valid > group:0 > group:-1 > cat:1 > column:Statistics > cat:Frequency",24,"24"
2,"Frequencies",5,"Frequencies","ph_ecog","row:ph_ecog > group:Valid > group:0 > group:-1 > cat:1 > column:Statistics > cat:Percent",33.333333333333,"33.3"
2,"Frequencies",5,"Frequencies","ph_ecog","row:ph_ecog > group:Valid > group:0 > group:-1 > cat:1 > column:Statistics > cat:Valid Percent",33.333333333333,"33.3"
2,"Frequencies",5,"Frequencies","ph_ecog","row:ph_ecog > group:Valid > group:0 > group:-1 > cat:1 > column:Statistics > cat:Cumulative Percent",66.666666666667,"66.7"
2,"Frequencies",5,"Frequencies","ph_ecog","row:ph_ecog > group:Valid > group:0 > group:-1 > cat:2 > column:Statistics > cat:Frequency",24,"24"
2,"Frequencies",5,"Frequencies","ph_ecog","row:ph_ecog > group:Valid > group:0 > group:-1 > cat:2 > column:Statistics > cat:Percent",33.333333333333,"33.3"
2,"Frequencies",5,"Frequencies","ph_ecog","row:ph_ecog > group:Valid > group:0 > group:-1 > cat:2 > column:Statistics > cat:Valid Percent",33.333333333333,"33.3"
2,"Frequencies",5,"Frequencies","ph_ecog","row:ph_ecog > group:Valid > group:0 > group:-1 > cat:2 > column:Statistics > cat:Cumulative Percent",100,"100.0"
2,"Frequencies",5,"Frequencies","ph_ecog","row:ph_ecog > group:Valid > cat:Total > column:Statistics > cat:Frequency",72,"72"
2,"Frequencies",5,"Frequencies","ph_ecog","row:ph_ecog > group:Valid > cat:Total > column:Statistics > cat:Percent",100,"100.0"
2,"Frequencies",5,"Frequencies","ph_ecog","row:ph_ecog > group:Valid > cat:Total > column:Statistics > cat:Valid Percent",100,"100.0"
2,"Frequencies",6,"Frequencies","status_m","row:status_m > group:Valid > group:0 > group:-1 > cat:.00 > column:Statistics > cat:Frequency",21,"21"
2,"Frequencies",6,"Frequencies","status_m","row:status_m > group:Valid > group:0 > group:-1 > cat:.00 > column:Statistics > cat:Percent",29.166666666667,"29.2"
2,"Frequencies",6,"Frequencies","status_m","row:status_m > group:Valid > group:0 > group:-1 > cat:.00 > column:Statistics > cat:Valid Percent",29.577464788732,"29.6"
2,"Frequencies",6,"Frequencies","status_m","row:status_m > group:Valid > group:0 > group:-1 > cat:.00 > column:Statistics > cat:Cumulative Percent",29.577464788732,"29.6"
2,"Frequencies",6,"Frequencies","status_m","row:status_m > group:Valid > group:0 > group:-1 > cat:1.00 > column:Statistics > cat:Frequency",50,"50"
2,"Frequencies",6,"Frequencies","status_m","row:status_m > group:Valid > group:0 > group:-1 > cat:1.00 > column:Statistics > cat:Percent",69.444444444444,"69.4"
2,"Frequencies",6,"Frequencies","status_m","row:status_m > group:Valid > group:0 > group:-1 > cat:1.00 > column:Statistics > cat:Valid Percent",70.422535211268,"70.4"
2,"Frequencies",6,"Frequencies","status_m","row:status_m > group:Valid > group:0 > group:-1 > cat:1.00 > column:Statistics > cat:Cumulative Percent",100,"100.0"
2,"Frequencies",6,"Frequencies","status_m","row:status_m > group:Valid > cat:Total > column:Statistics > cat:Frequency",71,"71"
2,"Frequencies",6,"Frequencies","status_m","row:status_m > group:Valid > cat:Total > column:Statistics > cat:Percent",98.611111111111,"98.6"
2,"Frequencies",6,"Frequencies","status_m","row:status_m > group:Valid > cat:Total > column:Statistics > cat:Valid Percent",100,"100.0"
2,"Frequencies",6,"Frequencies","status_m","row:status_m > group:Missing > cat:System > column:Statistics > cat:Frequency",1,"1"
2,"Frequencies",6,"Frequencies","status_m","row:status_m > group:Missing > cat:System > column:Statistics > cat:Percent",1.3888888888889,"1.4"
2,"Frequencies",6,"Frequencies","status_m","row:status_m > cat:Total > column:Statistics > cat:Frequency",72,"72"
2,"Frequencies",6,"Frequencies","status_m","row:status_m > cat:Total > column:Statistics > cat:Percent",100,"100.0"
3,"Crosstabs",1,"Notes","Notes","row:Contents > group:Input > cat:N of Rows in Working Data File",72,"72"
3,"Crosstabs",1,"Notes","Notes","row:Contents > group:Resources > cat:Dimensions Requested",2,"2"
3,"Crosstabs",1,"Notes","Notes","row:Contents > group:Resources > cat:Cells Available",524245,"524245"
3,"Crosstabs",2,"Case Processing Summary","Case Processing Summary","row:Crosstabulation > cat:sex * status > column:Cases > cat:Valid > column:Statistics > cat:N",72,"72"
3,"Crosstabs",2,"Case Processing Summary","Case Processing Summary","row:Crosstabulation > cat:sex * status > column:Cases > cat:Valid > column:Statistics > cat:Percent",100,"100.0%"
3,"Crosstabs",2,"Case Processing Summary","Case Processing Summary","row:Crosstabulation > cat:sex * status > column:Cases > cat:Missing > column:Statistics > cat:N",0,"0"
3,"Crosstabs",2,"Case Processing Summary","Case Processing Summary","row:Crosstabulation > cat:sex * status > column:Cases > cat:Missing > column:Statistics > cat:Percent",0,".0%"
3,"Crosstabs",2,"Case Processing Summary","Case Processing Summary","row:Crosstabulation > cat:sex * status > column:Cases > cat:Total > column:Statistics > cat:N",72,"72"
3,"Crosstabs",2,"Case Processing Summary","Case Processing Summary","row:Crosstabulation > cat:sex * status > column:Cases > cat:Total > column:Statistics > cat:Percent",100,"100.0%"
3,"Crosstabs",3,"Crosstabulation","sex * status Crosstabulation","row:sex > group:sex > cat:1 > row:Statistics > cat:Count > column:status > group:status > cat:0",15,"15"
3,"Crosstabs",3,"Crosstabulation","sex * status Crosstabulation","row:sex > group:sex > cat:1 > row:Statistics > cat:Count > column:status > group:status > cat:1",21,"21"
3,"Crosstabs",3,"Crosstabulation","sex * status Crosstabulation","row:sex > group:sex > cat:1 > row:Statistics > cat:Count > column:status > cat:Total",36,"36"
3,"Crosstabs",3,"Crosstabulation","sex * status Crosstabulation","row:sex > group:sex > cat:1 > row:Statistics > cat:Expected Count > column:status > group:status > cat:0",11,"11.0"
3,"Crosstabs",3,"Crosstabulation","sex * status Crosstabulation","row:sex > group:sex > cat:1 > row:Statistics > cat:Expected Count > column:status > group:status > cat:1",25,"25.0"
3,"Crosstabs",3,"Crosstabulation","sex * status Crosstabulation","row:sex > group:sex > cat:1 > row:Statistics > cat:Expected Count > column:status > cat:Total",36,"36.0"
3,"Crosstabs",3,"Crosstabulation","sex * status Crosstabulation","row:sex > group:sex > cat:1 > row:Statistics > cat:% within sex > column:status > group:status > cat:0",41.666666666667,"41.7%"
3,"Crosstabs",3,"Crosstabulation","sex * status Crosstabulation","row:sex > group:sex > cat:1 > row:Statistics > cat:% within sex > column:status > group:status > cat:1",58.333333333333,"58.3%"
3,"Crosstabs",3,"Crosstabulation","sex * status Crosstabulation","row:sex > group:sex > cat:1 > row:Statistics > cat:% within sex > column:status > cat:Total",100,"100.0%"
3,"Crosstabs",3,"Crosstabulation","sex * status Crosstabulation","row:sex > group:sex > cat:1 > row:Statistics > cat:% within status > column:status > group:status > cat:0",68.181818181818,"68.2%"
3,"Crosstabs",3,"Crosstabulation","sex * status Crosstabulation","row:sex > group:sex > cat:1 > row:Statistics > cat:% within status > column:status > group:status > cat:1",42,"42.0%"
3,"Crosstabs",3,"Crosstabulation","sex * status Crosstabulation","row:sex > group:sex > cat:1 > row:Statistics > cat:% within status > column:status > cat:Total",50,"50.0%"
3,"Crosstabs",3,"Crosstabulation","sex * status Crosstabulation","row:sex > group:sex > cat:1 > row:Statistics > cat:% of Total > column:status > group:status > cat:0",20.833333333333,"20.8%"
3,"Crosstabs",3,"Crosstabulation","sex * status Crosstabulation","row:sex > group:sex > cat:1 > row:Statistics > cat:% of Total > column:status > group:status > cat:1",29.166666666667,"29.2%"
3,"Crosstabs",3,"Crosstabulation","sex * status Crosstabulation","row:sex > group:sex > cat:1 > row:Statistics > cat:% of Total > column:status > cat:Total",50,"50.0%"
3,"Crosstabs",3,"Crosstabulation","sex * status Crosstabulation","row:sex > group:sex > cat:2 > row:Statistics > cat:Count > column:status > group:status > cat:0",7,"7"
3,"Crosstabs",3,"Crosstabulation","sex * status Crosstabulation","row:sex > group:sex > cat:2 > row:Statistics > cat:Count > column:status > group:status > cat:1",29,"29"
3,"Crosstabs",3,"Crosstabulation","sex * status Crosstabulation","row:sex > group:sex > cat:2 > row:Statistics > cat:Count > column:status > cat:Total",36,"36"
3,"Crosstabs",3,"Crosstabulation","sex * status Crosstabulation","row:sex > group:sex > cat:2 > row:Statistics > cat:Expected Count > column:status > group:status > cat:0",11,"11.0"
3,"Crosstabs",3,"Crosstabulation","sex * status Crosstabulation","row:sex > group:sex > cat:2 > row:Statistics > cat:Expected Count > column:status > group:status > cat:1",25,"25.0"
3,"Crosstabs",3,"Crosstabulation","sex * status Crosstabulation","row:sex > group:sex > cat:2 > row:Statistics > cat:Expected Count > column:status > cat:Total",36,"36.0"
3,"Crosstabs",3,"Crosstabulation","sex * status Crosstabulation","row:sex > group:sex > cat:2 > row:Statistics > cat:% within sex > column:status > group:status > cat:0",19.444444444444,"19.4%"
3,"Crosstabs",3,"Crosstabulation","sex * status Crosstabulation","row:sex > group:sex > cat:2 > row:Statistics > cat:% within sex > column:status > group:status > cat:1",80.555555555556,"80.6%"
3,"Crosstabs",3,"Crosstabulation","sex * status Crosstabulation","row:sex > group:sex > cat:2 > row:Statistics > cat:% within sex > column:status > cat:Total",100,"100.0%"
3,"Crosstabs",3,"Crosstabulation","sex * status Crosstabulation","row:sex > group:sex > cat:2 > row:Statistics > cat:% within status > column:status > group:status > cat:0",31.818181818182,"31.8%"
3,"Crosstabs",3,"Crosstabulation","sex * status Crosstabulation","row:sex > group:sex > cat:2 > row:Statistics > cat:% within status > column:status > group:status > cat:1",58,"58.0%"
3,"Crosstabs",3,"Crosstabulation","sex * status Crosstabulation","row:sex > group:sex > cat:2 > row:Statistics > cat:% within status > column:status > cat:Total",50,"50.0%"
3,"Crosstabs",3,"Crosstabulation","sex * status Crosstabulation","row:sex > group:sex > cat:2 > row:Statistics > cat:% of Total > column:status > group:status > cat:0",9.7222222222222,"9.7%"
3,"Crosstabs",3,"Crosstabulation","sex * status Crosstabulation","row:sex > group:sex > cat:2 > row:Statistics > cat:% of Total > column:status > group:status > cat:1",40.277777777778,"40.3%"
3,"Crosstabs",3,"Crosstabulation","sex * status Crosstabulation","row:sex > group:sex > cat:2 > row:Statistics > cat:% of Total > column:status > cat:Total",50,"50.0%"
3,"Crosstabs",3,"Crosstabulation","sex * status Crosstabulation","row:sex > cat:Total > row:Statistics > cat:Count > column:status > group:status > cat:0",22,"22"
3,"Crosstabs",3,"Crosstabulation","sex * status Crosstabulation","row:sex > cat:Total > row:Statistics > cat:Count > column:status > group:status > cat:1",50,"50"
3,"Crosstabs",3,"Crosstabulation","sex * status Crosstabulation","row:sex > cat:Total > row:Statistics > cat:Count > column:status > cat:Total",72,"72"
3,"Crosstabs",3,"Crosstabulation","sex * status Crosstabulation","row:sex > cat:Total > row:Statistics > cat:Expected Count > column:status > group:status > cat:0",22,"22.0"
3,"Crosstabs",3,"Crosstabulation","sex * status Crosstabulation","row:sex > cat:Total > row:Statistics > cat:Expected Count > column:status > group:status > cat:1",50,"50.0"
3,"Crosstabs",3,"Crosstabulation","sex * status Crosstabulation","row:sex > cat:Total > row:Statistics > cat:Expected Count > column:status > cat:Total",72,"72.0"
3,"Crosstabs",3,"Crosstabulation","sex * status Crosstabulation","row:sex > cat:Total > row:Statistics > cat:% within sex > column:status > group:status > cat:0",30.555555555556,"30.6%"
3,"Crosstabs",3,"Crosstabulation","sex * status Crosstabulation","row:sex > cat:Total > row:Statistics > cat:% within sex > column:status > group:status > cat:1",69.444444444444,"69.4%"
3,"Crosstabs",3,"Crosstabulation","sex * status Crosstabulation","row:sex > cat:Total > row:Statistics > cat:% within sex > column:status > cat:Total",100,"100.0%"
3,"Crosstabs",3,"Crosstabulation","sex * status Crosstabulation","row:sex > cat:Total > row:Statistics > cat:% within status > column:status > group:status > cat:0",100,"100.0%"
3,"Crosstabs",3,"Crosstabulation","sex * status Crosstabulation","row:sex > cat:Total > row:Statistics > cat:% within status > column:status > group:status > cat:1",100,"100.0%"
3,"Crosstabs",3,"Crosstabulation","sex * status Crosstabulation","row:sex > cat:Total > row:Statistics > cat:% within status > column:status > cat:Total",100,"100.0%"
3,"Crosstabs",3,"Crosstabulation","sex * status Crosstabulation","row:sex > cat:Total > row:Statistics > cat:% of Total > column:status > group:status > cat:0",30.555555555556,"30.6%"
3,"Crosstabs",3,"Crosstabulation","sex * status Crosstabulation","row:sex > cat:Total > row:Statistics > cat:% of Total > column:status > group:status > cat:1",69.444444444444,"69.4%"
3,"Crosstabs",3,"Crosstabulation","sex * status Crosstabulation","row:sex > cat:Total > row:Statistics > cat:% of Total > column:status > cat:Total",100,"100.0%"
3,"Crosstabs",4,"Chi Square Tests","Chi-Square Tests","row:Statistics > group:A > cat:Pearson Chi-Square > column:Values > cat:Value",4.1890909090909,"4.189"
3,"Crosstabs",4,"Chi Square Tests","Chi-Square Tests","row:Statistics > group:A > cat:Pearson Chi-Square > column:Values > cat:df",1,"1"
3,"Crosstabs",4,"Chi Square Tests","Chi-Square Tests","row:Statistics > group:A > cat:Pearson Chi-Square > column:Values > cat:Asymptotic Significance (2-sided)",0.040684908780746,".041"
3,"Crosstabs",4,"Chi Square Tests","Chi-Square Tests","row:Statistics > group:A > cat:Continuity Correction > column:Values > cat:Value",3.2072727272727,"3.207"
3,"Crosstabs",4,"Chi Square Tests","Chi-Square Tests","row:Statistics > group:A > cat:Continuity Correction > column:Values > cat:df",1,"1"
3,"Crosstabs",4,"Chi Square Tests","Chi-Square Tests","row:Statistics > group:A > cat:Continuity Correction > column:Values > cat:Asymptotic Significance (2-sided)",0.073311587957942,".073"
3,"Crosstabs",4,"Chi Square Tests","Chi-Square Tests","row:Statistics > group:B > cat:Likelihood Ratio > column:Values > cat:Value",4.2623741534916,"4.262"
3,"Crosstabs",4,"Chi Square Tests","Chi-Square Tests","row:Statistics > group:B > cat:Likelihood Ratio > column:Values > cat:df",1,"1"
3,"Crosstabs",4,"Chi Square Tests","Chi-Square Tests","row:Statistics > group:B > cat:Likelihood Ratio > column:Values > cat:Asymptotic Significance (2-sided)",0.038965427441358,".039"
3,"Crosstabs",4,"Chi Square Tests","Chi-Square Tests","row:Statistics > group:B > cat:Fisher's Exact Test > column:Values > group:C > cat:Exact Sig. (2-sided)",0.072078718194209,".072"
3,"Crosstabs",4,"Chi Square Tests","Chi-Square Tests","row:Statistics > group:B > cat:Fisher's Exact Test > column:Values > group:C > cat:Exact Sig. (1-sided)",0.036039359097105,".036"
3,"Crosstabs",4,"Chi Square Tests","Chi-Square Tests","row:Statistics > cat:Linear-by-Linear Association > column:Values > cat:Value",4.1309090909091,"4.131"
3,"Crosstabs",4,"Chi Square Tests","Chi-Square Tests","row:Statistics > cat:Linear-by-Linear Association > column:Values > cat:df",1,"1"
3,"Crosstabs",4,"Chi Square Tests","Chi-Square Tests","row:Statistics > cat:Linear-by-Linear Association > column:Values > cat:Asymptotic Significance (2-sided)",0.042106725111324,".042"
3,"Crosstabs",4,"Chi Square Tests","Chi-Square Tests","row:Statistics > cat:N of Valid Cases > column:Values > cat:Value",72,"72"
3,"Crosstabs",5,"Symmetric Measures","Symmetric Measures","row:Statistics > group:Nominal by Nominal > cat:Phi > column:Values > cat:Value",0.24120907566221,".241"
3,"Crosstabs",5,"Symmetric Measures","Symmetric Measures","row:Statistics > group:Nominal by Nominal > cat:Phi > column:Values > cat:Approximate Significance",0.040684908780746,".041"
3,"Crosstabs",5,"Symmetric Measures","Symmetric Measures","row:Statistics > group:Nominal by Nominal > cat:Cramer's V > column:Values > cat:Value",0.24120907566221,".241"
3,"Crosstabs",5,"Symmetric Measures","Symmetric Measures","row:Statistics > group:Nominal by Nominal > cat:Cramer's V > column:Values > cat:Approximate Significance",0.040684908780746,".041"
3,"Crosstabs",5,"Symmetric Measures","Symmetric Measures","row:Statistics > cat:N of Valid Cases > column:Values > cat:Value",72,"72"
4,"Crosstabs",1,"Notes","Notes","row:Contents > group:Input > cat:N of Rows in Working Data File",72,"72"
4,"Crosstabs",1,"Notes","Notes","row:Contents > group:Resources > cat:Dimensions Requested",2,"2"
4,"Crosstabs",1,"Notes","Notes","row:Contents > group:Resources > cat:Cells Available",524245,"524245"
4,"Crosstabs",2,"Case Processing Summary","Case Processing Summary","row:Crosstabulation > cat:rare * status > column:Cases > cat:Valid > column:Statistics > cat:N",72,"72"
4,"Crosstabs",2,"Case Processing Summary","Case Processing Summary","row:Crosstabulation > cat:rare * status > column:Cases > cat:Valid > column:Statistics > cat:Percent",100,"100.0%"
4,"Crosstabs",2,"Case Processing Summary","Case Processing Summary","row:Crosstabulation > cat:rare * status > column:Cases > cat:Missing > column:Statistics > cat:N",0,"0"
4,"Crosstabs",2,"Case Processing Summary","Case Processing Summary","row:Crosstabulation > cat:rare * status > column:Cases > cat:Missing > column:Statistics > cat:Percent",0,".0%"
4,"Crosstabs",2,"Case Processing Summary","Case Processing Summary","row:Crosstabulation > cat:rare * status > column:Cases > cat:Total > column:Statistics > cat:N",72,"72"
4,"Crosstabs",2,"Case Processing Summary","Case Processing Summary","row:Crosstabulation > cat:rare * status > column:Cases > cat:Total > column:Statistics > cat:Percent",100,"100.0%"
4,"Crosstabs",3,"Crosstabulation","rare * status Crosstabulation","row:rare > group:rare > cat:.00 > row:Statistics > cat:Count > column:status > group:status > cat:0",20,"20"
4,"Crosstabs",3,"Crosstabulation","rare * status Crosstabulation","row:rare > group:rare > cat:.00 > row:Statistics > cat:Count > column:status > group:status > cat:1",47,"47"
4,"Crosstabs",3,"Crosstabulation","rare * status Crosstabulation","row:rare > group:rare > cat:.00 > row:Statistics > cat:Count > column:status > cat:Total",67,"67"
4,"Crosstabs",3,"Crosstabulation","rare * status Crosstabulation","row:rare > group:rare > cat:.00 > row:Statistics > cat:Expected Count > column:status > group:status > cat:0",20.472222222222,"20.5"
4,"Crosstabs",3,"Crosstabulation","rare * status Crosstabulation","row:rare > group:rare > cat:.00 > row:Statistics > cat:Expected Count > column:status > group:status > cat:1",46.527777777778,"46.5"
4,"Crosstabs",3,"Crosstabulation","rare * status Crosstabulation","row:rare > group:rare > cat:.00 > row:Statistics > cat:Expected Count > column:status > cat:Total",67,"67.0"
4,"Crosstabs",3,"Crosstabulation","rare * status Crosstabulation","row:rare > group:rare > cat:.00 > row:Statistics > cat:% within rare > column:status > group:status > cat:0",29.850746268657,"29.9%"
4,"Crosstabs",3,"Crosstabulation","rare * status Crosstabulation","row:rare > group:rare > cat:.00 > row:Statistics > cat:% within rare > column:status > group:status > cat:1",70.149253731343,"70.1%"
4,"Crosstabs",3,"Crosstabulation","rare * status Crosstabulation","row:rare > group:rare > cat:.00 > row:Statistics > cat:% within rare > column:status > cat:Total",100,"100.0%"
4,"Crosstabs",3,"Crosstabulation","rare * status Crosstabulation","row:rare > group:rare > cat:.00 > row:Statistics > cat:% within status > column:status > group:status > cat:0",90.909090909091,"90.9%"
4,"Crosstabs",3,"Crosstabulation","rare * status Crosstabulation","row:rare > group:rare > cat:.00 > row:Statistics > cat:% within status > column:status > group:status > cat:1",94,"94.0%"
4,"Crosstabs",3,"Crosstabulation","rare * status Crosstabulation","row:rare > group:rare > cat:.00 > row:Statistics > cat:% within status > column:status > cat:Total",93.055555555556,"93.1%"
4,"Crosstabs",3,"Crosstabulation","rare * status Crosstabulation","row:rare > group:rare > cat:.00 > row:Statistics > cat:% of Total > column:status > group:status > cat:0",27.777777777778,"27.8%"
4,"Crosstabs",3,"Crosstabulation","rare * status Crosstabulation","row:rare > group:rare > cat:.00 > row:Statistics > cat:% of Total > column:status > group:status > cat:1",65.277777777778,"65.3%"
4,"Crosstabs",3,"Crosstabulation","rare * status Crosstabulation","row:rare > group:rare > cat:.00 > row:Statistics > cat:% of Total > column:status > cat:Total",93.055555555556,"93.1%"
4,"Crosstabs",3,"Crosstabulation","rare * status Crosstabulation","row:rare > group:rare > cat:1.00 > row:Statistics > cat:Count > column:status > group:status > cat:0",2,"2"
4,"Crosstabs",3,"Crosstabulation","rare * status Crosstabulation","row:rare > group:rare > cat:1.00 > row:Statistics > cat:Count > column:status > group:status > cat:1",3,"3"
4,"Crosstabs",3,"Crosstabulation","rare * status Crosstabulation","row:rare > group:rare > cat:1.00 > row:Statistics > cat:Count > column:status > cat:Total",5,"5"
4,"Crosstabs",3,"Crosstabulation","rare * status Crosstabulation","row:rare > group:rare > cat:1.00 > row:Statistics > cat:Expected Count > column:status > group:status > cat:0",1.5277777777778,"1.5"
4,"Crosstabs",3,"Crosstabulation","rare * status Crosstabulation","row:rare > group:rare > cat:1.00 > row:Statistics > cat:Expected Count > column:status > group:status > cat:1",3.4722222222222,"3.5"
4,"Crosstabs",3,"Crosstabulation","rare * status Crosstabulation","row:rare > group:rare > cat:1.00 > row:Statistics > cat:Expected Count > column:status > cat:Total",5,"5.0"
4,"Crosstabs",3,"Crosstabulation","rare * status Crosstabulation","row:rare > group:rare > cat:1.00 > row:Statistics > cat:% within rare > column:status > group:status > cat:0",40,"40.0%"
4,"Crosstabs",3,"Crosstabulation","rare * status Crosstabulation","row:rare > group:rare > cat:1.00 > row:Statistics > cat:% within rare > column:status > group:status > cat:1",60,"60.0%"
4,"Crosstabs",3,"Crosstabulation","rare * status Crosstabulation","row:rare > group:rare > cat:1.00 > row:Statistics > cat:% within rare > column:status > cat:Total",100,"100.0%"
4,"Crosstabs",3,"Crosstabulation","rare * status Crosstabulation","row:rare > group:rare > cat:1.00 > row:Statistics > cat:% within status > column:status > group:status > cat:0",9.0909090909091,"9.1%"
4,"Crosstabs",3,"Crosstabulation","rare * status Crosstabulation","row:rare > group:rare > cat:1.00 > row:Statistics > cat:% within status > column:status > group:status > cat:1",6,"6.0%"
4,"Crosstabs",3,"Crosstabulation","rare * status Crosstabulation","row:rare > group:rare > cat:1.00 > row:Statistics > cat:% within status > column:status > cat:Total",6.9444444444444,"6.9%"
4,"Crosstabs",3,"Crosstabulation","rare * status Crosstabulation","row:rare > group:rare > cat:1.00 > row:Statistics > cat:% of Total > column:status > group:status > cat:0",2.7777777777778,"2.8%"
4,"Crosstabs",3,"Crosstabulation","rare * status Crosstabulation","row:rare > group:rare > cat:1.00 > row:Statistics > cat:% of Total > column:status > group:status > cat:1",4.1666666666667,"4.2%"
4,"Crosstabs",3,"Crosstabulation","rare * status Crosstabulation","row:rare > group:rare > cat:1.00 > row:Statistics > cat:% of Total > column:status > cat:Total",6.9444444444444,"6.9%"
4,"Crosstabs",3,"Crosstabulation","rare * status Crosstabulation","row:rare > cat:Total > row:Statistics > cat:Count > column:status > group:status > cat:0",22,"22"
4,"Crosstabs",3,"Crosstabulation","rare * status Crosstabulation","row:rare > cat:Total > row:Statistics > cat:Count > column:status > group:status > cat:1",50,"50"
4,"Crosstabs",3,"Crosstabulation","rare * status Crosstabulation","row:rare > cat:Total > row:Statistics > cat:Count > column:status > cat:Total",72,"72"
4,"Crosstabs",3,"Crosstabulation","rare * status Crosstabulation","row:rare > cat:Total > row:Statistics > cat:Expected Count > column:status > group:status > cat:0",22,"22.0"
4,"Crosstabs",3,"Crosstabulation","rare * status Crosstabulation","row:rare > cat:Total > row:Statistics > cat:Expected Count > column:status > group:status > cat:1",50,"50.0"
4,"Crosstabs",3,"Crosstabulation","rare * status Crosstabulation","row:rare > cat:Total > row:Statistics > cat:Expected Count > column:status > cat:Total",72,"72.0"
4,"Crosstabs",3,"Crosstabulation","rare * status Crosstabulation","row:rare > cat:Total > row:Statistics > cat:% within rare > column:status > group:status > cat:0",30.555555555556,"30.6%"
4,"Crosstabs",3,"Crosstabulation","rare * status Crosstabulation","row:rare > cat:Total > row:Statistics > cat:% within rare > column:status > group:status > cat:1",69.444444444444,"69.4%"
4,"Crosstabs",3,"Crosstabulation","rare * status Crosstabulation","row:rare > cat:Total > row:Statistics > cat:% within rare > column:status > cat:Total",100,"100.0%"
4,"Crosstabs",3,"Crosstabulation","rare * status Crosstabulation","row:rare > cat:Total > row:Statistics > cat:% within status > column:status > group:status > cat:0",100,"100.0%"
4,"Crosstabs",3,"Crosstabulation","rare * status Crosstabulation","row:rare > cat:Total > row:Statistics > cat:% within status > column:status > group:status > cat:1",100,"100.0%"
4,"Crosstabs",3,"Crosstabulation","rare * status Crosstabulation","row:rare > cat:Total > row:Statistics > cat:% within status > column:status > cat:Total",100,"100.0%"
4,"Crosstabs",3,"Crosstabulation","rare * status Crosstabulation","row:rare > cat:Total > row:Statistics > cat:% of Total > column:status > group:status > cat:0",30.555555555556,"30.6%"
4,"Crosstabs",3,"Crosstabulation","rare * status Crosstabulation","row:rare > cat:Total > row:Statistics > cat:% of Total > column:status > group:status > cat:1",69.444444444444,"69.4%"
4,"Crosstabs",3,"Crosstabulation","rare * status Crosstabulation","row:rare > cat:Total > row:Statistics > cat:% of Total > column:status > cat:Total",100,"100.0%"
4,"Crosstabs",4,"Chi Square Tests","Chi-Square Tests","row:Statistics > group:A > cat:Pearson Chi-Square > column:Values > cat:Value",0.22586702849389,".226"
4,"Crosstabs",4,"Chi Square Tests","Chi-Square Tests","row:Statistics > group:A > cat:Pearson Chi-Square > column:Values > cat:df",1,"1"
4,"Crosstabs",4,"Chi Square Tests","Chi-Square Tests","row:Statistics > group:A > cat:Pearson Chi-Square > column:Values > cat:Asymptotic Significance (2-sided)",0.63460544411644,".635"
4,"Crosstabs",4,"Chi Square Tests","Chi-Square Tests","row:Statistics > group:A > cat:Continuity Correction > column:Values > cat:Value",0,".000"
4,"Crosstabs",4,"Chi Square Tests","Chi-Square Tests","row:Statistics > group:A > cat:Continuity Correction > column:Values > cat:df",1,"1"
4,"Crosstabs",4,"Chi Square Tests","Chi-Square Tests","row:Statistics > group:A > cat:Continuity Correction > column:Values > cat:Asymptotic Significance (2-sided)",1,"1.000"
4,"Crosstabs",4,"Chi Square Tests","Chi-Square Tests","row:Statistics > group:B > cat:Likelihood Ratio > column:Values > cat:Value",0.21599048215458,".216"
4,"Crosstabs",4,"Chi Square Tests","Chi-Square Tests","row:Statistics > group:B > cat:Likelihood Ratio > column:Values > cat:df",1,"1"
4,"Crosstabs",4,"Chi Square Tests","Chi-Square Tests","row:Statistics > group:B > cat:Likelihood Ratio > column:Values > cat:Asymptotic Significance (2-sided)",0.64211210062628,".642"
4,"Crosstabs",4,"Chi Square Tests","Chi-Square Tests","row:Statistics > group:B > cat:Fisher's Exact Test > column:Values > group:C > cat:Exact Sig. (2-sided)",0.63788128029329,".638"
4,"Crosstabs",4,"Chi Square Tests","Chi-Square Tests","row:Statistics > group:B > cat:Fisher's Exact Test > column:Values > group:C > cat:Exact Sig. (1-sided)",0.48644981568868,".486"
4,"Crosstabs",4,"Chi Square Tests","Chi-Square Tests","row:Statistics > cat:Linear-by-Linear Association > column:Values > cat:Value",0.22272998643148,".223"
4,"Crosstabs",4,"Chi Square Tests","Chi-Square Tests","row:Statistics > cat:Linear-by-Linear Association > column:Values > cat:df",1,"1"
4,"Crosstabs",4,"Chi Square Tests","Chi-Square Tests","row:Statistics > cat:Linear-by-Linear Association > column:Values > cat:Asymptotic Significance (2-sided)",0.63696763239469,".637"
4,"Crosstabs",4,"Chi Square Tests","Chi-Square Tests","row:Statistics > cat:N of Valid Cases > column:Values > cat:Value",72,"72"
4,"Crosstabs",5,"Symmetric Measures","Symmetric Measures","row:Statistics > group:Nominal by Nominal > cat:Phi > column:Values > cat:Value",-0.056009303355918,"-.056"
4,"Crosstabs",5,"Symmetric Measures","Symmetric Measures","row:Statistics > group:Nominal by Nominal > cat:Phi > column:Values > cat:Approximate Significance",0.63460544411644,".635"
4,"Crosstabs",5,"Symmetric Measures","Symmetric Measures","row:Statistics > group:Nominal by Nominal > cat:Cramer's V > column:Values > cat:Value",0.056009303355918,".056"
4,"Crosstabs",5,"Symmetric Measures","Symmetric Measures","row:Statistics > group:Nominal by Nominal > cat:Cramer's V > column:Values > cat:Approximate Significance",0.63460544411644,".635"
4,"Crosstabs",5,"Symmetric Measures","Symmetric Measures","row:Statistics > cat:N of Valid Cases > column:Values > cat:Value",72,"72"
5,"Correlations",1,"Notes","Notes","row:Contents > group:Input > cat:N of Rows in Working Data File",72,"72"
5,"Correlations",2,"Correlations","Correlations","row:Variables > cat:time > row:Statistics > cat:Pearson Correlation > column:Variables > cat:time",1,"1"
5,"Correlations",2,"Correlations","Correlations","row:Variables > cat:time > row:Statistics > cat:Pearson Correlation > column:Variables > cat:age",0.23022440173554,".230"
5,"Correlations",2,"Correlations","Correlations","row:Variables > cat:time > row:Statistics > cat:Sig. (2-tailed) > column:Variables > cat:age",0.051708757267936,".052"
5,"Correlations",2,"Correlations","Correlations","row:Variables > cat:time > row:Statistics > cat:N > column:Variables > cat:time",72,"72"
5,"Correlations",2,"Correlations","Correlations","row:Variables > cat:time > row:Statistics > cat:N > column:Variables > cat:age",72,"72"
5,"Correlations",2,"Correlations","Correlations","row:Variables > cat:age > row:Statistics > cat:Pearson Correlation > column:Variables > cat:time",0.23022440173554,".230"
5,"Correlations",2,"Correlations","Correlations","row:Variables > cat:age > row:Statistics > cat:Pearson Correlation > column:Variables > cat:age",1,"1"
5,"Correlations",2,"Correlations","Correlations","row:Variables > cat:age > row:Statistics > cat:Sig. (2-tailed) > column:Variables > cat:time",0.051708757267936,".052"
5,"Correlations",2,"Correlations","Correlations","row:Variables > cat:age > row:Statistics > cat:N > column:Variables > cat:time",72,"72"
5,"Correlations",2,"Correlations","Correlations","row:Variables > cat:age > row:Statistics > cat:N > column:Variables > cat:age",72,"72"
6,"Non Par Corr",1,"Notes","Notes","row:Contents > group:Input > cat:N of Rows in Working Data File",72,"72"
6,"Non Par Corr",2,"Correlations","Correlations","row:Type > cat:Spearman's rho > row:Variables1 > cat:time > row:Statistics > cat:Correlation Coefficient > column:Variables2 > cat:time",1,"1.000"
6,"Non Par Corr",2,"Correlations","Correlations","row:Type > cat:Spearman's rho > row:Variables1 > cat:time > row:Statistics > cat:Correlation Coefficient > column:Variables2 > cat:age",0.22786887272078,".228"
6,"Non Par Corr",2,"Correlations","Correlations","row:Type > cat:Spearman's rho > row:Variables1 > cat:time > row:Statistics > cat:Sig. (2-tailed) > column:Variables2 > cat:age",0.0542167463647,".054"
6,"Non Par Corr",2,"Correlations","Correlations","row:Type > cat:Spearman's rho > row:Variables1 > cat:time > row:Statistics > cat:N > column:Variables2 > cat:time",72,"72"
6,"Non Par Corr",2,"Correlations","Correlations","row:Type > cat:Spearman's rho > row:Variables1 > cat:time > row:Statistics > cat:N > column:Variables2 > cat:age",72,"72"
6,"Non Par Corr",2,"Correlations","Correlations","row:Type > cat:Spearman's rho > row:Variables1 > cat:age > row:Statistics > cat:Correlation Coefficient > column:Variables2 > cat:time",0.22786887272078,".228"
6,"Non Par Corr",2,"Correlations","Correlations","row:Type > cat:Spearman's rho > row:Variables1 > cat:age > row:Statistics > cat:Correlation Coefficient > column:Variables2 > cat:age",1,"1.000"
6,"Non Par Corr",2,"Correlations","Correlations","row:Type > cat:Spearman's rho > row:Variables1 > cat:age > row:Statistics > cat:Sig. (2-tailed) > column:Variables2 > cat:time",0.0542167463647,".054"
6,"Non Par Corr",2,"Correlations","Correlations","row:Type > cat:Spearman's rho > row:Variables1 > cat:age > row:Statistics > cat:N > column:Variables2 > cat:time",72,"72"
6,"Non Par Corr",2,"Correlations","Correlations","row:Type > cat:Spearman's rho > row:Variables1 > cat:age > row:Statistics > cat:N > column:Variables2 > cat:age",72,"72"
7,"Reliability",1,"Notes","Notes","row:Contents > group:Input > cat:N of Rows in Working Data File",72,"72"
7,"Reliability",2,"Case Processing Summary","Case Processing Summary","row:Cases > group:Cases > cat:Valid > column:Statistics > cat:N",72,"72"
7,"Reliability",2,"Case Processing Summary","Case Processing Summary","row:Cases > group:Cases > cat:Valid > column:Statistics > cat:%",100,"100.0"
7,"Reliability",2,"Case Processing Summary","Case Processing Summary","row:Cases > group:Cases > cat:Excluded > column:Statistics > cat:N",0,"0"
7,"Reliability",2,"Case Processing Summary","Case Processing Summary","row:Cases > group:Cases > cat:Excluded > column:Statistics > cat:%",0,".0"
7,"Reliability",2,"Case Processing Summary","Case Processing Summary","row:Cases > group:Cases > cat:Total > column:Statistics > cat:N",72,"72"
7,"Reliability",2,"Case Processing Summary","Case Processing Summary","row:Cases > group:Cases > cat:Total > column:Statistics > cat:%",100,"100.0"
7,"Reliability",3,"Reliability Statistics","Reliability Statistics","column:Statistics > cat:Cronbach's Alpha",0.98620772467899,".986"
7,"Reliability",3,"Reliability Statistics","Reliability Statistics","column:Statistics > cat:Cronbach's Alpha Based on Standardized Items",0.9897009901702,".990"
7,"Reliability",3,"Reliability Statistics","Reliability Statistics","column:Statistics > cat:N of Items",4,"4"
7,"Reliability",4,"Item Statistics","Item Statistics","row:Variables > cat:item1 > column:Statistics > cat:Mean",6.3944444444444,"6.3944"
7,"Reliability",4,"Item Statistics","Item Statistics","row:Variables > cat:item1 > column:Statistics > cat:Std. Deviation",1.232184466811,"1.23218"
7,"Reliability",4,"Item Statistics","Item Statistics","row:Variables > cat:item1 > column:Statistics > cat:N",72,"72"
7,"Reliability",4,"Item Statistics","Item Statistics","row:Variables > cat:item2 > column:Statistics > cat:Mean",5.5718055555556,"5.5718"
7,"Reliability",4,"Item Statistics","Item Statistics","row:Variables > cat:item2 > column:Statistics > cat:Std. Deviation",1.0171367246287,"1.01714"
7,"Reliability",4,"Item Statistics","Item Statistics","row:Variables > cat:item2 > column:Statistics > cat:N",72,"72"
7,"Reliability",4,"Item Statistics","Item Statistics","row:Variables > cat:item3 > column:Statistics > cat:Mean",7.2838888888889,"7.2839"
7,"Reliability",4,"Item Statistics","Item Statistics","row:Variables > cat:item3 > column:Statistics > cat:Std. Deviation",1.3802597791369,"1.38026"
7,"Reliability",4,"Item Statistics","Item Statistics","row:Variables > cat:item3 > column:Statistics > cat:N",72,"72"
7,"Reliability",4,"Item Statistics","Item Statistics","row:Variables > cat:item4 > column:Statistics > cat:Mean",6.175,"6.1750"
7,"Reliability",4,"Item Statistics","Item Statistics","row:Variables > cat:item4 > column:Statistics > cat:Std. Deviation",1.1609672994631,"1.16097"
7,"Reliability",4,"Item Statistics","Item Statistics","row:Variables > cat:item4 > column:Statistics > cat:N",72,"72"
7,"Reliability",5,"Inter Item Correlation Matrix","Inter-Item Correlation Matrix","row:Variables 1 > cat:item1 > column:Variables 2 > cat:item1",1,"1.000"
7,"Reliability",5,"Inter Item Correlation Matrix","Inter-Item Correlation Matrix","row:Variables 1 > cat:item1 > column:Variables 2 > cat:item2",0.95483941878414,".955"
7,"Reliability",5,"Inter Item Correlation Matrix","Inter-Item Correlation Matrix","row:Variables 1 > cat:item1 > column:Variables 2 > cat:item3",0.99226013597645,".992"
7,"Reliability",5,"Inter Item Correlation Matrix","Inter-Item Correlation Matrix","row:Variables 1 > cat:item1 > column:Variables 2 > cat:item4",0.97127681929089,".971"
7,"Reliability",5,"Inter Item Correlation Matrix","Inter-Item Correlation Matrix","row:Variables 1 > cat:item2 > column:Variables 2 > cat:item1",0.95483941878414,".955"
7,"Reliability",5,"Inter Item Correlation Matrix","Inter-Item Correlation Matrix","row:Variables 1 > cat:item2 > column:Variables 2 > cat:item2",1,"1.000"
7,"Reliability",5,"Inter Item Correlation Matrix","Inter-Item Correlation Matrix","row:Variables 1 > cat:item2 > column:Variables 2 > cat:item3",0.94496245592336,".945"
7,"Reliability",5,"Inter Item Correlation Matrix","Inter-Item Correlation Matrix","row:Variables 1 > cat:item2 > column:Variables 2 > cat:item4",0.93140027378749,".931"
7,"Reliability",5,"Inter Item Correlation Matrix","Inter-Item Correlation Matrix","row:Variables 1 > cat:item3 > column:Variables 2 > cat:item1",0.99226013597645,".992"
7,"Reliability",5,"Inter Item Correlation Matrix","Inter-Item Correlation Matrix","row:Variables 1 > cat:item3 > column:Variables 2 > cat:item2",0.94496245592336,".945"
7,"Reliability",5,"Inter Item Correlation Matrix","Inter-Item Correlation Matrix","row:Variables 1 > cat:item3 > column:Variables 2 > cat:item3",1,"1.000"
7,"Reliability",5,"Inter Item Correlation Matrix","Inter-Item Correlation Matrix","row:Variables 1 > cat:item3 > column:Variables 2 > cat:item4",0.96549278279419,".965"
7,"Reliability",5,"Inter Item Correlation Matrix","Inter-Item Correlation Matrix","row:Variables 1 > cat:item4 > column:Variables 2 > cat:item1",0.97127681929089,".971"
7,"Reliability",5,"Inter Item Correlation Matrix","Inter-Item Correlation Matrix","row:Variables 1 > cat:item4 > column:Variables 2 > cat:item2",0.93140027378749,".931"
7,"Reliability",5,"Inter Item Correlation Matrix","Inter-Item Correlation Matrix","row:Variables 1 > cat:item4 > column:Variables 2 > cat:item3",0.96549278279419,".965"
7,"Reliability",5,"Inter Item Correlation Matrix","Inter-Item Correlation Matrix","row:Variables 1 > cat:item4 > column:Variables 2 > cat:item4",1,"1.000"
7,"Reliability",6,"Item Total Statistics","Item-Total Statistics","row:Variables > cat:item1 > column:Statistics > cat:Scale Mean if Item Deleted",19.030694444444,"19.0307"
7,"Reliability",6,"Item Total Statistics","Item-Total Statistics","row:Variables > cat:item1 > column:Statistics > cat:Scale Variance if Item Deleted",12.234812187011,"12.235"
7,"Reliability",6,"Item Total Statistics","Item-Total Statistics","row:Variables > cat:item1 > column:Statistics > cat:Corrected Item-Total Correlation",0.99158620587083,".992"
7,"Reliability",6,"Item Total Statistics","Item-Total Statistics","row:Variables > cat:item1 > column:Statistics > cat:Squared Multiple Correlation",0.98895498521389,".989"
7,"Reliability",6,"Item Total Statistics","Item-Total Statistics","row:Variables > cat:item1 > column:Statistics > cat:Cronbach's Alpha if Item Deleted",0.97434470026449,".974"
7,"Reliability",6,"Item Total Statistics","Item-Total Statistics","row:Variables > cat:item2 > column:Statistics > cat:Scale Mean if Item Deleted",19.853333333333,"19.8533"
7,"Reliability",6,"Item Total Statistics","Item-Total Statistics","row:Variables > cat:item2 > column:Statistics > cat:Scale Variance if Item Deleted",14.019538028169,"14.020"
7,"Reliability",6,"Item Total Statistics","Item-Total Statistics","row:Variables > cat:item2 > column:Statistics > cat:Corrected Item-Total Correlation",0.95136294857262,".951"
7,"Reliability",6,"Item Total Statistics","Item-Total Statistics","row:Variables > cat:item2 > column:Statistics > cat:Squared Multiple Correlation",0.91244190296277,".912"
7,"Reliability",6,"Item Total Statistics","Item-Total Statistics","row:Variables > cat:item2 > column:Statistics > cat:Cronbach's Alpha if Item Deleted",0.98950806948961,".990"
7,"Reliability",6,"Item Total Statistics","Item-Total Statistics","row:Variables > cat:item3 > column:Statistics > cat:Scale Mean if Item Deleted",18.14125,"18.1413"
7,"Reliability",6,"Item Total Statistics","Item-Total Statistics","row:Variables > cat:item3 > column:Statistics > cat:Scale Variance if Item Deleted",11.272675880282,"11.273"
7,"Reliability",6,"Item Total Statistics","Item-Total Statistics","row:Variables > cat:item3 > column:Statistics > cat:Corrected Item-Total Correlation",0.9842824131636,".984"
7,"Reliability",6,"Item Total Statistics","Item-Total Statistics","row:Variables > cat:item3 > column:Statistics > cat:Squared Multiple Correlation",0.98471058271047,".985"
7,"Reliability",6,"Item Total Statistics","Item-Total Statistics","row:Variables > cat:item3 > column:Statistics > cat:Cronbach's Alpha if Item Deleted",0.98095410681268,".981"
7,"Reliability",6,"Item Total Statistics","Item-Total Statistics","row:Variables > cat:item4 > column:Statistics > cat:Scale Mean if Item Deleted",19.250138888889,"19.2501"
7,"Reliability",6,"Item Total Statistics","Item-Total Statistics","row:Variables > cat:item4 > column:Statistics > cat:Scale Variance if Item Deleted",12.879795755086,"12.880"
7,"Reliability",6,"Item Total Statistics","Item-Total Statistics","row:Variables > cat:item4 > column:Statistics > cat:Corrected Item-Total Correlation",0.96877580389295,".969"
7,"Reliability",6,"Item Total Statistics","Item-Total Statistics","row:Variables > cat:item4 > column:Statistics > cat:Squared Multiple Correlation",0.94378066994207,".944"
7,"Reliability",6,"Item Total Statistics","Item-Total Statistics","row:Variables > cat:item4 > column:Statistics > cat:Cronbach's Alpha if Item Deleted",0.98081908834058,".981"
7,"Reliability",7,"Scale Statistics","Scale Statistics","column:Statistics > cat:Mean",25.425138888889,"25.4251"
7,"Reliability",7,"Scale Statistics","Scale Statistics","column:Statistics > cat:Variance",22.300507022692,"22.301"
7,"Reliability",7,"Scale Statistics","Scale Statistics","column:Statistics > cat:Std. Deviation",4.7223412649545,"4.72234"
7,"Reliability",7,"Scale Statistics","Scale Statistics","column:Statistics > cat:N of Items",4,"4"
8,"T-Test",1,"Notes","Notes","row:Contents > group:Input > cat:N of Rows in Working Data File",72,"72"
8,"T-Test",2,"Group Statistics","Group Statistics","row:Dependent variables > cat:age > row:sex > cat:1 > column:Statistics > cat:N",36,"36"
8,"T-Test",2,"Group Statistics","Group Statistics","row:Dependent variables > cat:age > row:sex > cat:1 > column:Statistics > cat:Mean",60.166666666667,"60.17"
8,"T-Test",2,"Group Statistics","Group Statistics","row:Dependent variables > cat:age > row:sex > cat:1 > column:Statistics > cat:Std. Deviation",12.194846686789,"12.195"
8,"T-Test",2,"Group Statistics","Group Statistics","row:Dependent variables > cat:age > row:sex > cat:1 > column:Statistics > cat:Std. Error Mean",2.0324744477981,"2.032"
8,"T-Test",2,"Group Statistics","Group Statistics","row:Dependent variables > cat:age > row:sex > cat:2 > column:Statistics > cat:N",36,"36"
8,"T-Test",2,"Group Statistics","Group Statistics","row:Dependent variables > cat:age > row:sex > cat:2 > column:Statistics > cat:Mean",59.777777777778,"59.78"
8,"T-Test",2,"Group Statistics","Group Statistics","row:Dependent variables > cat:age > row:sex > cat:2 > column:Statistics > cat:Std. Deviation",11.676866289772,"11.677"
8,"T-Test",2,"Group Statistics","Group Statistics","row:Dependent variables > cat:age > row:sex > cat:2 > column:Statistics > cat:Std. Error Mean",1.9461443816286,"1.946"
8,"T-Test",3,"Independent Samples Test","Independent Samples Test","row:Dependent variables > cat:age > row:Assumptions > cat:Equal variances assumed > column:Statistics > group:t-test for Equality of Means > cat:t",0.13819934503335,".138"
8,"T-Test",3,"Independent Samples Test","Independent Samples Test","row:Dependent variables > cat:age > row:Assumptions > cat:Equal variances assumed > column:Statistics > group:t-test for Equality of Means > cat:df",70,"70"
8,"T-Test",3,"Independent Samples Test","Independent Samples Test","row:Dependent variables > cat:age > row:Assumptions > cat:Equal variances assumed > column:Statistics > group:t-test for Equality of Means > group:Significance > cat:One-Sided p",0.44523982962845,".445"
8,"T-Test",3,"Independent Samples Test","Independent Samples Test","row:Dependent variables > cat:age > row:Assumptions > cat:Equal variances assumed > column:Statistics > group:t-test for Equality of Means > group:Significance > cat:Two-Sided p",0.89047965925689,".890"
8,"T-Test",3,"Independent Samples Test","Independent Samples Test","row:Dependent variables > cat:age > row:Assumptions > cat:Equal variances assumed > column:Statistics > group:t-test for Equality of Means > cat:Mean Difference",0.38888888888889,".389"
8,"T-Test",3,"Independent Samples Test","Independent Samples Test","row:Dependent variables > cat:age > row:Assumptions > cat:Equal variances assumed > column:Statistics > group:t-test for Equality of Means > cat:Std. Error Difference",2.8139705640068,"2.814"
8,"T-Test",3,"Independent Samples Test","Independent Samples Test","row:Dependent variables > cat:age > row:Assumptions > cat:Equal variances assumed > column:Statistics > group:t-test for Equality of Means > group:95% Confidence Interval of the Difference > cat:Lower",-5.223398435397,"-5.223"
8,"T-Test",3,"Independent Samples Test","Independent Samples Test","row:Dependent variables > cat:age > row:Assumptions > cat:Equal variances assumed > column:Statistics > group:t-test for Equality of Means > group:95% Confidence Interval of the Difference > cat:Upper",6.0011762131747,"6.001"
8,"T-Test",3,"Independent Samples Test","Independent Samples Test","row:Dependent variables > cat:age > row:Assumptions > cat:Equal variances not assumed > column:Statistics > group:t-test for Equality of Means > cat:t",0.13819934503335,".138"
8,"T-Test",3,"Independent Samples Test","Independent Samples Test","row:Dependent variables > cat:age > row:Assumptions > cat:Equal variances not assumed > column:Statistics > group:t-test for Equality of Means > cat:df",69.868540406465,"69.869"
8,"T-Test",3,"Independent Samples Test","Independent Samples Test","row:Dependent variables > cat:age > row:Assumptions > cat:Equal variances not assumed > column:Statistics > group:t-test for Equality of Means > group:Significance > cat:One-Sided p",0.44524020220949,".445"
8,"T-Test",3,"Independent Samples Test","Independent Samples Test","row:Dependent variables > cat:age > row:Assumptions > cat:Equal variances not assumed > column:Statistics > group:t-test for Equality of Means > group:Significance > cat:Two-Sided p",0.89048040441899,".890"
8,"T-Test",3,"Independent Samples Test","Independent Samples Test","row:Dependent variables > cat:age > row:Assumptions > cat:Equal variances not assumed > column:Statistics > group:t-test for Equality of Means > cat:Mean Difference",0.38888888888889,".389"
8,"T-Test",3,"Independent Samples Test","Independent Samples Test","row:Dependent variables > cat:age > row:Assumptions > cat:Equal variances not assumed > column:Statistics > group:t-test for Equality of Means > cat:Std. Error Difference",2.8139705640068,"2.814"
8,"T-Test",3,"Independent Samples Test","Independent Samples Test","row:Dependent variables > cat:age > row:Assumptions > cat:Equal variances not assumed > column:Statistics > group:t-test for Equality of Means > group:95% Confidence Interval of the Difference > cat:Lower",-5.2235840912651,"-5.224"
8,"T-Test",3,"Independent Samples Test","Independent Samples Test","row:Dependent variables > cat:age > row:Assumptions > cat:Equal variances not assumed > column:Statistics > group:t-test for Equality of Means > group:95% Confidence Interval of the Difference > cat:Upper",6.0013618690428,"6.001"
8,"T-Test",4,"Homogeneity of Variance Test","Homogeneity of Variance Test","row:Dependent variables > cat:age > row:Assumptions > cat:Equal variances assumed > column:Statistics > group:Levene's Test for Equality of Variances > cat:F",0.038378345828023,".038"
8,"T-Test",4,"Homogeneity of Variance Test","Homogeneity of Variance Test","row:Dependent variables > cat:age > row:Assumptions > cat:Equal variances assumed > column:Statistics > group:Levene's Test for Equality of Variances > cat:Sig.",0.84525296039862,".845"
9,"Oneway",1,"Notes","Notes","row:Contents > group:Input > cat:N of Rows in Working Data File",72,"72"
9,"Oneway",2,"Descriptives","Descriptives","layer:Dependent Variable > cat:age > row:Groups > group:ph_ecog > cat:0 > column:Statistics > cat:N",24,"24"
9,"Oneway",2,"Descriptives","Descriptives","layer:Dependent Variable > cat:age > row:Groups > group:ph_ecog > cat:0 > column:Statistics > cat:Mean",59.583333333333,"59.58"
9,"Oneway",2,"Descriptives","Descriptives","layer:Dependent Variable > cat:age > row:Groups > group:ph_ecog > cat:0 > column:Statistics > cat:Std. Deviation",11.5077163778,"11.508"
9,"Oneway",2,"Descriptives","Descriptives","layer:Dependent Variable > cat:age > row:Groups > group:ph_ecog > cat:0 > column:Statistics > cat:Std. Error",2.3490027691899,"2.349"
9,"Oneway",2,"Descriptives","Descriptives","layer:Dependent Variable > cat:age > row:Groups > group:ph_ecog > cat:0 > column:Statistics > group:95% Confidence Interval for Mean > cat:Lower Bound",54.724050877954,"54.72"
9,"Oneway",2,"Descriptives","Descriptives","layer:Dependent Variable > cat:age > row:Groups > group:ph_ecog > cat:0 > column:Statistics > group:95% Confidence Interval for Mean > cat:Upper Bound",64.442615788713,"64.44"
9,"Oneway",2,"Descriptives","Descriptives","layer:Dependent Variable > cat:age > row:Groups > group:ph_ecog > cat:0 > column:Statistics > cat:Minimum",41,"41"
9,"Oneway",2,"Descriptives","Descriptives","layer:Dependent Variable > cat:age > row:Groups > group:ph_ecog > cat:0 > column:Statistics > cat:Maximum",77,"77"
9,"Oneway",2,"Descriptives","Descriptives","layer:Dependent Variable > cat:age > row:Groups > group:ph_ecog > cat:1 > column:Statistics > cat:N",24,"24"
9,"Oneway",2,"Descriptives","Descriptives","layer:Dependent Variable > cat:age > row:Groups > group:ph_ecog > cat:1 > column:Statistics > cat:Mean",58.833333333333,"58.83"
9,"Oneway",2,"Descriptives","Descriptives","layer:Dependent Variable > cat:age > row:Groups > group:ph_ecog > cat:1 > column:Statistics > cat:Std. Deviation",12.074647052783,"12.075"
9,"Oneway",2,"Descriptives","Descriptives","layer:Dependent Variable > cat:age > row:Groups > group:ph_ecog > cat:1 > column:Statistics > cat:Std. Error",2.4647270086265,"2.465"
9,"Oneway",2,"Descriptives","Descriptives","layer:Dependent Variable > cat:age > row:Groups > group:ph_ecog > cat:1 > column:Statistics > group:95% Confidence Interval for Mean > cat:Lower Bound",53.734657049333,"53.73"
9,"Oneway",2,"Descriptives","Descriptives","layer:Dependent Variable > cat:age > row:Groups > group:ph_ecog > cat:1 > column:Statistics > group:95% Confidence Interval for Mean > cat:Upper Bound",63.932009617334,"63.93"
9,"Oneway",2,"Descriptives","Descriptives","layer:Dependent Variable > cat:age > row:Groups > group:ph_ecog > cat:1 > column:Statistics > cat:Minimum",40,"40"
9,"Oneway",2,"Descriptives","Descriptives","layer:Dependent Variable > cat:age > row:Groups > group:ph_ecog > cat:1 > column:Statistics > cat:Maximum",80,"80"
9,"Oneway",2,"Descriptives","Descriptives","layer:Dependent Variable > cat:age > row:Groups > group:ph_ecog > cat:2 > column:Statistics > cat:N",24,"24"
9,"Oneway",2,"Descriptives","Descriptives","layer:Dependent Variable > cat:age > row:Groups > group:ph_ecog > cat:2 > column:Statistics > cat:Mean",61.5,"61.50"
9,"Oneway",2,"Descriptives","Descriptives","layer:Dependent Variable > cat:age > row:Groups > group:ph_ecog > cat:2 > column:Statistics > cat:Std. Deviation",12.318243804812,"12.318"
9,"Oneway",2,"Descriptives","Descriptives","layer:Dependent Variable > cat:age > row:Groups > group:ph_ecog > cat:2 > column:Statistics > cat:Std. Error",2.5144509874157,"2.514"
9,"Oneway",2,"Descriptives","Descriptives","layer:Dependent Variable > cat:age > row:Groups > group:ph_ecog > cat:2 > column:Statistics > group:95% Confidence Interval for Mean > cat:Lower Bound",56.298461828857,"56.30"
9,"Oneway",2,"Descriptives","Descriptives","layer:Dependent Variable > cat:age > row:Groups > group:ph_ecog > cat:2 > column:Statistics > group:95% Confidence Interval for Mean > cat:Upper Bound",66.701538171143,"66.70"
9,"Oneway",2,"Descriptives","Descriptives","layer:Dependent Variable > cat:age > row:Groups > group:ph_ecog > cat:2 > column:Statistics > cat:Minimum",43,"43"
9,"Oneway",2,"Descriptives","Descriptives","layer:Dependent Variable > cat:age > row:Groups > group:ph_ecog > cat:2 > column:Statistics > cat:Maximum",80,"80"
9,"Oneway",2,"Descriptives","Descriptives","layer:Dependent Variable > cat:age > row:Groups > cat:Total > column:Statistics > cat:N",72,"72"
9,"Oneway",2,"Descriptives","Descriptives","layer:Dependent Variable > cat:age > row:Groups > cat:Total > column:Statistics > cat:Mean",59.972222222222,"59.97"
9,"Oneway",2,"Descriptives","Descriptives","layer:Dependent Variable > cat:age > row:Groups > cat:Total > column:Statistics > cat:Std. Deviation",11.855909826288,"11.856"
9,"Oneway",2,"Descriptives","Descriptives","layer:Dependent Variable > cat:age > row:Groups > cat:Total > column:Statistics > cat:Std. Error",1.3972323725508,"1.397"
9,"Oneway",2,"Descriptives","Descriptives","layer:Dependent Variable > cat:age > row:Groups > cat:Total > column:Statistics > group:95% Confidence Interval for Mean > cat:Lower Bound",57.186219999636,"57.19"
9,"Oneway",2,"Descriptives","Descriptives","layer:Dependent Variable > cat:age > row:Groups > cat:Total > column:Statistics > group:95% Confidence Interval for Mean > cat:Upper Bound",62.758224444808,"62.76"
9,"Oneway",2,"Descriptives","Descriptives","layer:Dependent Variable > cat:age > row:Groups > cat:Total > column:Statistics > cat:Minimum",40,"40"
9,"Oneway",2,"Descriptives","Descriptives","layer:Dependent Variable > cat:age > row:Groups > cat:Total > column:Statistics > cat:Maximum",80,"80"
9,"Oneway",3,"Test of Homogeneity of Variance","Tests of Homogeneity of Variances","row:Dependent Variables > cat:age > row:Methods > cat:Based on Mean > column:Statistics > cat:Levene Statistic",0.1401929416237,".140"
9,"Oneway",3,"Test of Homogeneity of Variance","Tests of Homogeneity of Variances","row:Dependent Variables > cat:age > row:Methods > cat:Based on Mean > column:Statistics > cat:df1",2,"2"
9,"Oneway",3,"Test of Homogeneity of Variance","Tests of Homogeneity of Variances","row:Dependent Variables > cat:age > row:Methods > cat:Based on Mean > column:Statistics > cat:df2",69,"69"
9,"Oneway",3,"Test of Homogeneity of Variance","Tests of Homogeneity of Variances","row:Dependent Variables > cat:age > row:Methods > cat:Based on Mean > column:Statistics > cat:Sig.",0.86943746408981,".869"
9,"Oneway",3,"Test of Homogeneity of Variance","Tests of Homogeneity of Variances","row:Dependent Variables > cat:age > row:Methods > cat:Based on Median > column:Statistics > cat:Levene Statistic",0.13620981387479,".136"
9,"Oneway",3,"Test of Homogeneity of Variance","Tests of Homogeneity of Variances","row:Dependent Variables > cat:age > row:Methods > cat:Based on Median > column:Statistics > cat:df1",2,"2"
9,"Oneway",3,"Test of Homogeneity of Variance","Tests of Homogeneity of Variances","row:Dependent Variables > cat:age > row:Methods > cat:Based on Median > column:Statistics > cat:df2",69,"69"
9,"Oneway",3,"Test of Homogeneity of Variance","Tests of Homogeneity of Variances","row:Dependent Variables > cat:age > row:Methods > cat:Based on Median > column:Statistics > cat:Sig.",0.87289357847322,".873"
9,"Oneway",3,"Test of Homogeneity of Variance","Tests of Homogeneity of Variances","row:Dependent Variables > cat:age > row:Methods > cat:Based on Median and with adjusted df > column:Statistics > cat:Levene Statistic",0.13620981387479,".136"
9,"Oneway",3,"Test of Homogeneity of Variance","Tests of Homogeneity of Variances","row:Dependent Variables > cat:age > row:Methods > cat:Based on Median and with adjusted df > column:Statistics > cat:df1",2,"2"
9,"Oneway",3,"Test of Homogeneity of Variance","Tests of Homogeneity of Variances","row:Dependent Variables > cat:age > row:Methods > cat:Based on Median and with adjusted df > column:Statistics > cat:df2",68.509326383573,"68.509"
9,"Oneway",3,"Test of Homogeneity of Variance","Tests of Homogeneity of Variances","row:Dependent Variables > cat:age > row:Methods > cat:Based on Median and with adjusted df > column:Statistics > cat:Sig.",0.87289525065009,".873"
9,"Oneway",3,"Test of Homogeneity of Variance","Tests of Homogeneity of Variances","row:Dependent Variables > cat:age > row:Methods > cat:Based on trimmed mean > column:Statistics > cat:Levene Statistic",0.13976118049691,".140"
9,"Oneway",3,"Test of Homogeneity of Variance","Tests of Homogeneity of Variances","row:Dependent Variables > cat:age > row:Methods > cat:Based on trimmed mean > column:Statistics > cat:df1",2,"2"
9,"Oneway",3,"Test of Homogeneity of Variance","Tests of Homogeneity of Variances","row:Dependent Variables > cat:age > row:Methods > cat:Based on trimmed mean > column:Statistics > cat:df2",69,"69"
9,"Oneway",3,"Test of Homogeneity of Variance","Tests of Homogeneity of Variances","row:Dependent Variables > cat:age > row:Methods > cat:Based on trimmed mean > column:Statistics > cat:Sig.",0.86981141687143,".870"
9,"Oneway",4,"ANOVA","ANOVA","layer:Dependent Variable > cat:age > row:Source > cat:Between Groups > column:Statistics > cat:Sum of Squares",90.777777777778,"90.778"
9,"Oneway",4,"ANOVA","ANOVA","layer:Dependent Variable > cat:age > row:Source > cat:Between Groups > column:Statistics > cat:df",2,"2"
9,"Oneway",4,"ANOVA","ANOVA","layer:Dependent Variable > cat:age > row:Source > cat:Between Groups > column:Statistics > cat:Mean Square",45.388888888889,"45.389"
9,"Oneway",4,"ANOVA","ANOVA","layer:Dependent Variable > cat:age > row:Source > cat:Between Groups > column:Statistics > cat:F",0.31669335131036,".317"
9,"Oneway",4,"ANOVA","ANOVA","layer:Dependent Variable > cat:age > row:Source > cat:Between Groups > column:Statistics > cat:Sig.",0.72960744235234,".730"
9,"Oneway",4,"ANOVA","ANOVA","layer:Dependent Variable > cat:age > row:Source > cat:Within Groups > column:Statistics > cat:Sum of Squares",9889.1666666667,"9889.167"
9,"Oneway",4,"ANOVA","ANOVA","layer:Dependent Variable > cat:age > row:Source > cat:Within Groups > column:Statistics > cat:df",69,"69"
9,"Oneway",4,"ANOVA","ANOVA","layer:Dependent Variable > cat:age > row:Source > cat:Within Groups > column:Statistics > cat:Mean Square",143.32125603865,"143.321"
9,"Oneway",4,"ANOVA","ANOVA","layer:Dependent Variable > cat:age > row:Source > cat:Total > column:Statistics > cat:Sum of Squares",9979.9444444444,"9979.944"
9,"Oneway",4,"ANOVA","ANOVA","layer:Dependent Variable > cat:age > row:Source > cat:Total > column:Statistics > cat:df",71,"71"
9,"Oneway",5,"Multiple Comparisons","Multiple Comparisons","layer:Dependent Variable > cat:age > layer:Test > cat:Tukey HSD > row:(I) ph_ecog > cat:0 > row:(J) ph_ecog > cat:1 > column:Statistics > cat:Mean Difference (I-J)",0.75,".750"
9,"Oneway",5,"Multiple Comparisons","Multiple Comparisons","layer:Dependent Variable > cat:age > layer:Test > cat:Tukey HSD > row:(I) ph_ecog > cat:0 > row:(J) ph_ecog > cat:1 > column:Statistics > cat:Std. Error",3.4559279511038,"3.456"
9,"Oneway",5,"Multiple Comparisons","Multiple Comparisons","layer:Dependent Variable > cat:age > layer:Test > cat:Tukey HSD > row:(I) ph_ecog > cat:0 > row:(J) ph_ecog > cat:1 > column:Statistics > cat:Sig.",0.97438038542158,".974"
9,"Oneway",5,"Multiple Comparisons","Multiple Comparisons","layer:Dependent Variable > cat:age > layer:Test > cat:Tukey HSD > row:(I) ph_ecog > cat:0 > row:(J) ph_ecog > cat:1 > column:Statistics > group:95% Confidence Interval > cat:Lower Bound",-7.5280254272,"-7.53"
9,"Oneway",5,"Multiple Comparisons","Multiple Comparisons","layer:Dependent Variable > cat:age > layer:Test > cat:Tukey HSD > row:(I) ph_ecog > cat:0 > row:(J) ph_ecog > cat:1 > column:Statistics > group:95% Confidence Interval > cat:Upper Bound",9.0280254272,"9.03"
9,"Oneway",5,"Multiple Comparisons","Multiple Comparisons","layer:Dependent Variable > cat:age > layer:Test > cat:Tukey HSD > row:(I) ph_ecog > cat:0 > row:(J) ph_ecog > cat:2 > column:Statistics > cat:Mean Difference (I-J)",-1.9166666666667,"-1.917"
9,"Oneway",5,"Multiple Comparisons","Multiple Comparisons","layer:Dependent Variable > cat:age > layer:Test > cat:Tukey HSD > row:(I) ph_ecog > cat:0 > row:(J) ph_ecog > cat:2 > column:Statistics > cat:Std. Error",3.4559279511038,"3.456"
9,"Oneway",5,"Multiple Comparisons","Multiple Comparisons","layer:Dependent Variable > cat:age > layer:Test > cat:Tukey HSD > row:(I) ph_ecog > cat:0 > row:(J) ph_ecog > cat:2 > column:Statistics > cat:Sig.",0.84446440234539,".844"
9,"Oneway",5,"Multiple Comparisons","Multiple Comparisons","layer:Dependent Variable > cat:age > layer:Test > cat:Tukey HSD > row:(I) ph_ecog > cat:0 > row:(J) ph_ecog > cat:2 > column:Statistics > group:95% Confidence Interval > cat:Lower Bound",-10.194692093867,"-10.19"
9,"Oneway",5,"Multiple Comparisons","Multiple Comparisons","layer:Dependent Variable > cat:age > layer:Test > cat:Tukey HSD > row:(I) ph_ecog > cat:0 > row:(J) ph_ecog > cat:2 > column:Statistics > group:95% Confidence Interval > cat:Upper Bound",6.3613587605334,"6.36"
9,"Oneway",5,"Multiple Comparisons","Multiple Comparisons","layer:Dependent Variable > cat:age > layer:Test > cat:Tukey HSD > row:(I) ph_ecog > cat:1 > row:(J) ph_ecog > cat:0 > column:Statistics > cat:Mean Difference (I-J)",-0.75,"-.750"
9,"Oneway",5,"Multiple Comparisons","Multiple Comparisons","layer:Dependent Variable > cat:age > layer:Test > cat:Tukey HSD > row:(I) ph_ecog > cat:1 > row:(J) ph_ecog > cat:0 > column:Statistics > cat:Std. Error",3.4559279511038,"3.456"
9,"Oneway",5,"Multiple Comparisons","Multiple Comparisons","layer:Dependent Variable > cat:age > layer:Test > cat:Tukey HSD > row:(I) ph_ecog > cat:1 > row:(J) ph_ecog > cat:0 > column:Statistics > cat:Sig.",0.97438038542158,".974"
9,"Oneway",5,"Multiple Comparisons","Multiple Comparisons","layer:Dependent Variable > cat:age > layer:Test > cat:Tukey HSD > row:(I) ph_ecog > cat:1 > row:(J) ph_ecog > cat:0 > column:Statistics > group:95% Confidence Interval > cat:Lower Bound",-9.0280254272,"-9.03"
9,"Oneway",5,"Multiple Comparisons","Multiple Comparisons","layer:Dependent Variable > cat:age > layer:Test > cat:Tukey HSD > row:(I) ph_ecog > cat:1 > row:(J) ph_ecog > cat:0 > column:Statistics > group:95% Confidence Interval > cat:Upper Bound",7.5280254272,"7.53"
9,"Oneway",5,"Multiple Comparisons","Multiple Comparisons","layer:Dependent Variable > cat:age > layer:Test > cat:Tukey HSD > row:(I) ph_ecog > cat:1 > row:(J) ph_ecog > cat:2 > column:Statistics > cat:Mean Difference (I-J)",-2.6666666666667,"-2.667"
9,"Oneway",5,"Multiple Comparisons","Multiple Comparisons","layer:Dependent Variable > cat:age > layer:Test > cat:Tukey HSD > row:(I) ph_ecog > cat:1 > row:(J) ph_ecog > cat:2 > column:Statistics > cat:Std. Error",3.4559279511038,"3.456"
9,"Oneway",5,"Multiple Comparisons","Multiple Comparisons","layer:Dependent Variable > cat:age > layer:Test > cat:Tukey HSD > row:(I) ph_ecog > cat:1 > row:(J) ph_ecog > cat:2 > column:Statistics > cat:Sig.",0.72159226493841,".722"
9,"Oneway",5,"Multiple Comparisons","Multiple Comparisons","layer:Dependent Variable > cat:age > layer:Test > cat:Tukey HSD > row:(I) ph_ecog > cat:1 > row:(J) ph_ecog > cat:2 > column:Statistics > group:95% Confidence Interval > cat:Lower Bound",-10.944692093867,"-10.94"
9,"Oneway",5,"Multiple Comparisons","Multiple Comparisons","layer:Dependent Variable > cat:age > layer:Test > cat:Tukey HSD > row:(I) ph_ecog > cat:1 > row:(J) ph_ecog > cat:2 > column:Statistics > group:95% Confidence Interval > cat:Upper Bound",5.6113587605334,"5.61"
9,"Oneway",5,"Multiple Comparisons","Multiple Comparisons","layer:Dependent Variable > cat:age > layer:Test > cat:Tukey HSD > row:(I) ph_ecog > cat:2 > row:(J) ph_ecog > cat:0 > column:Statistics > cat:Mean Difference (I-J)",1.9166666666667,"1.917"
9,"Oneway",5,"Multiple Comparisons","Multiple Comparisons","layer:Dependent Variable > cat:age > layer:Test > cat:Tukey HSD > row:(I) ph_ecog > cat:2 > row:(J) ph_ecog > cat:0 > column:Statistics > cat:Std. Error",3.4559279511038,"3.456"
9,"Oneway",5,"Multiple Comparisons","Multiple Comparisons","layer:Dependent Variable > cat:age > layer:Test > cat:Tukey HSD > row:(I) ph_ecog > cat:2 > row:(J) ph_ecog > cat:0 > column:Statistics > cat:Sig.",0.84446440234539,".844"
9,"Oneway",5,"Multiple Comparisons","Multiple Comparisons","layer:Dependent Variable > cat:age > layer:Test > cat:Tukey HSD > row:(I) ph_ecog > cat:2 > row:(J) ph_ecog > cat:0 > column:Statistics > group:95% Confidence Interval > cat:Lower Bound",-6.3613587605334,"-6.36"
9,"Oneway",5,"Multiple Comparisons","Multiple Comparisons","layer:Dependent Variable > cat:age > layer:Test > cat:Tukey HSD > row:(I) ph_ecog > cat:2 > row:(J) ph_ecog > cat:0 > column:Statistics > group:95% Confidence Interval > cat:Upper Bound",10.194692093867,"10.19"
9,"Oneway",5,"Multiple Comparisons","Multiple Comparisons","layer:Dependent Variable > cat:age > layer:Test > cat:Tukey HSD > row:(I) ph_ecog > cat:2 > row:(J) ph_ecog > cat:1 > column:Statistics > cat:Mean Difference (I-J)",2.6666666666667,"2.667"
9,"Oneway",5,"Multiple Comparisons","Multiple Comparisons","layer:Dependent Variable > cat:age > layer:Test > cat:Tukey HSD > row:(I) ph_ecog > cat:2 > row:(J) ph_ecog > cat:1 > column:Statistics > cat:Std. Error",3.4559279511038,"3.456"
9,"Oneway",5,"Multiple Comparisons","Multiple Comparisons","layer:Dependent Variable > cat:age > layer:Test > cat:Tukey HSD > row:(I) ph_ecog > cat:2 > row:(J) ph_ecog > cat:1 > column:Statistics > cat:Sig.",0.72159226493841,".722"
9,"Oneway",5,"Multiple Comparisons","Multiple Comparisons","layer:Dependent Variable > cat:age > layer:Test > cat:Tukey HSD > row:(I) ph_ecog > cat:2 > row:(J) ph_ecog > cat:1 > column:Statistics > group:95% Confidence Interval > cat:Lower Bound",-5.6113587605334,"-5.61"
9,"Oneway",5,"Multiple Comparisons","Multiple Comparisons","layer:Dependent Variable > cat:age > layer:Test > cat:Tukey HSD > row:(I) ph_ecog > cat:2 > row:(J) ph_ecog > cat:1 > column:Statistics > group:95% Confidence Interval > cat:Upper Bound",10.944692093867,"10.94"
9,"Oneway",6,"Homogeneous Subsets","age","layer:Test > cat:Tukey HSD > row:ph_ecog > group:Group > cat:1 > column:Statistics > cat:N",24,"24"
9,"Oneway",6,"Homogeneous Subsets","age","layer:Test > cat:Tukey HSD > row:ph_ecog > group:Group > cat:1 > column:Statistics > group:Subset for alpha = .05 > cat:1",58.833333333333,"58.83"
9,"Oneway",6,"Homogeneous Subsets","age","layer:Test > cat:Tukey HSD > row:ph_ecog > group:Group > cat:0 > column:Statistics > cat:N",24,"24"
9,"Oneway",6,"Homogeneous Subsets","age","layer:Test > cat:Tukey HSD > row:ph_ecog > group:Group > cat:0 > column:Statistics > group:Subset for alpha = .05 > cat:1",59.583333333333,"59.58"
9,"Oneway",6,"Homogeneous Subsets","age","layer:Test > cat:Tukey HSD > row:ph_ecog > group:Group > cat:2 > column:Statistics > cat:N",24,"24"
9,"Oneway",6,"Homogeneous Subsets","age","layer:Test > cat:Tukey HSD > row:ph_ecog > group:Group > cat:2 > column:Statistics > group:Subset for alpha = .05 > cat:1",61.5,"61.50"
9,"Oneway",6,"Homogeneous Subsets","age","layer:Test > cat:Tukey HSD > row:ph_ecog > cat:Sig. > column:Statistics > group:Subset for alpha = .05 > cat:1",0.72159226493841,".722"
10,"NPar Tests",1,"Notes","Notes","row:Contents > group:Input > cat:N of Rows in Working Data File",72,"72"
10,"NPar Tests",1,"Notes","Notes","row:Contents > group:Resources > cat:Number of Cases Allowed",393216,"393216"
10,"NPar Tests",2,"Mann Whitney Ranks","Ranks","row:Dependent Variables > cat:age > row:sex > cat:1 > column:Statistics > cat:N",36,"36"
10,"NPar Tests",2,"Mann Whitney Ranks","Ranks","row:Dependent Variables > cat:age > row:sex > cat:1 > column:Statistics > cat:Mean Rank",36.847222222222,"36.85"
10,"NPar Tests",2,"Mann Whitney Ranks","Ranks","row:Dependent Variables > cat:age > row:sex > cat:1 > column:Statistics > cat:Sum of Ranks",1326.5,"1326.50"
10,"NPar Tests",2,"Mann Whitney Ranks","Ranks","row:Dependent Variables > cat:age > row:sex > cat:2 > column:Statistics > cat:N",36,"36"
10,"NPar Tests",2,"Mann Whitney Ranks","Ranks","row:Dependent Variables > cat:age > row:sex > cat:2 > column:Statistics > cat:Mean Rank",36.152777777778,"36.15"
10,"NPar Tests",2,"Mann Whitney Ranks","Ranks","row:Dependent Variables > cat:age > row:sex > cat:2 > column:Statistics > cat:Sum of Ranks",1301.5,"1301.50"
10,"NPar Tests",2,"Mann Whitney Ranks","Ranks","row:Dependent Variables > cat:age > row:sex > cat:Total > column:Statistics > cat:N",72,"72"
10,"NPar Tests",3,"Mann Whitney Test Statistics","Test Statistics","row:Statistics > group:A > cat:Mann-Whitney U > column:Dependent Variables > cat:age",635.5,"635.500"
10,"NPar Tests",3,"Mann Whitney Test Statistics","Test Statistics","row:Statistics > group:A > cat:Wilcoxon W > column:Dependent Variables > cat:age",1301.5,"1301.500"
10,"NPar Tests",3,"Mann Whitney Test Statistics","Test Statistics","row:Statistics > group:A > cat:Z > column:Dependent Variables > cat:age",-0.14081371736551,"-.141"
10,"NPar Tests",3,"Mann Whitney Test Statistics","Test Statistics","row:Statistics > group:A > cat:Asymp. Sig. (2-tailed) > column:Dependent Variables > cat:age",0.88801710615507,".888"
10,"NPar Tests",4,"Kruskal Wallis Ranks","Ranks","row:Dependent Variables > cat:age > row:ph_ecog > cat:0 > column:Statistics > cat:N",24,"24"
10,"NPar Tests",4,"Kruskal Wallis Ranks","Ranks","row:Dependent Variables > cat:age > row:ph_ecog > cat:0 > column:Statistics > cat:Mean Rank",35.8125,"35.81"
10,"NPar Tests",4,"Kruskal Wallis Ranks","Ranks","row:Dependent Variables > cat:age > row:ph_ecog > cat:1 > column:Statistics > cat:N",24,"24"
10,"NPar Tests",4,"Kruskal Wallis Ranks","Ranks","row:Dependent Variables > cat:age > row:ph_ecog > cat:1 > column:Statistics > cat:Mean Rank",34.5,"34.50"
10,"NPar Tests",4,"Kruskal Wallis Ranks","Ranks","row:Dependent Variables > cat:age > row:ph_ecog > cat:2 > column:Statistics > cat:N",24,"24"
10,"NPar Tests",4,"Kruskal Wallis Ranks","Ranks","row:Dependent Variables > cat:age > row:ph_ecog > cat:2 > column:Statistics > cat:Mean Rank",39.1875,"39.19"
10,"NPar Tests",4,"Kruskal Wallis Ranks","Ranks","row:Dependent Variables > cat:age > row:ph_ecog > cat:Total > column:Statistics > cat:N",72,"72"
10,"NPar Tests",5,"Kruskal Wallis Test Statistics","Test Statistics","row:Statistics > cat:Kruskal-Wallis H > column:Dependent Variables > cat:age",0.64115861015041,".641"
10,"NPar Tests",5,"Kruskal Wallis Test Statistics","Test Statistics","row:Statistics > cat:df > column:Dependent Variables > cat:age",2,"2"
10,"NPar Tests",5,"Kruskal Wallis Test Statistics","Test Statistics","row:Statistics > cat:Asymp. Sig. > column:Dependent Variables > cat:age",0.7257284970734,".726"
11,"Regression",1,"Notes","Notes","row:Contents > group:Input > cat:N of Rows in Working Data File",72,"72"
11,"Regression",3,"Model Summary","Model Summary","row:Model > cat:1 > column:Statistics > cat:R",0.23544558212658,".235"
11,"Regression",3,"Model Summary","Model Summary","row:Model > cat:1 > column:Statistics > cat:R Square",0.055434622142925,".055"
11,"Regression",3,"Model Summary","Model Summary","row:Model > cat:1 > column:Statistics > cat:Adjusted R Square",0.013762620178642,".014"
11,"Regression",3,"Model Summary","Model Summary","row:Model > cat:1 > column:Statistics > cat:Std. Error of the Estimate",145.0864705853,"145.086"
11,"Regression",4,"ANOVA","ANOVA","row:Model > cat:1 > row:Source > cat:Regression > column:Statistics > cat:Sum of Squares",84006.291610854,"84006.292"
11,"Regression",4,"ANOVA","ANOVA","row:Model > cat:1 > row:Source > cat:Regression > column:Statistics > cat:df",3,"3"
11,"Regression",4,"ANOVA","ANOVA","row:Model > cat:1 > row:Source > cat:Regression > column:Statistics > cat:Mean Square",28002.097203618,"28002.097"
11,"Regression",4,"ANOVA","ANOVA","row:Model > cat:1 > row:Source > cat:Regression > column:Statistics > cat:F",1.3302605953618,"1.330"
11,"Regression",4,"ANOVA","ANOVA","row:Model > cat:1 > row:Source > cat:Regression > column:Statistics > cat:Sig.",0.27176457635816,".272"
11,"Regression",4,"ANOVA","ANOVA","row:Model > cat:1 > row:Source > cat:Residual > column:Statistics > cat:Sum of Squares",1431405.7083891,"1431405.708"
11,"Regression",4,"ANOVA","ANOVA","row:Model > cat:1 > row:Source > cat:Residual > column:Statistics > cat:df",68,"68"
11,"Regression",4,"ANOVA","ANOVA","row:Model > cat:1 > row:Source > cat:Residual > column:Statistics > cat:Mean Square",21050.083946899,"21050.084"
11,"Regression",4,"ANOVA","ANOVA","row:Model > cat:1 > row:Source > cat:Total > column:Statistics > cat:Sum of Squares",1515412,"1515412.000"
11,"Regression",4,"ANOVA","ANOVA","row:Model > cat:1 > row:Source > cat:Total > column:Statistics > cat:df",71,"71"
11,"Regression",5,"Coefficients","Coefficients","row:Model > cat:1 > row:Variables > cat:(Constant) > column:Statistics > group:Unstandardized Coefficients > cat:B",107.82096312474,"107.821"
11,"Regression",5,"Coefficients","Coefficients","row:Model > cat:1 > row:Variables > cat:(Constant) > column:Statistics > group:Unstandardized Coefficients > cat:Std. Error",104.35095539571,"104.351"
11,"Regression",5,"Coefficients","Coefficients","row:Model > cat:1 > row:Variables > cat:(Constant) > column:Statistics > cat:t",1.0332532434981,"1.033"
11,"Regression",5,"Coefficients","Coefficients","row:Model > cat:1 > row:Variables > cat:(Constant) > column:Statistics > cat:Sig.",0.30514624667824,".305"
11,"Regression",5,"Coefficients","Coefficients","row:Model > cat:1 > row:Variables > cat:(Constant) > column:Statistics > group:95.0% Confidence Interval for B > cat:Lower Bound",-100.40812633238,"-100.408"
11,"Regression",5,"Coefficients","Coefficients","row:Model > cat:1 > row:Variables > cat:(Constant) > column:Statistics > group:95.0% Confidence Interval for B > cat:Upper Bound",316.05005258187,"316.050"
11,"Regression",5,"Coefficients","Coefficients","row:Model > cat:1 > row:Variables > cat:age > column:Statistics > group:Unstandardized Coefficients > cat:B",2.8736636343553,"2.874"
11,"Regression",5,"Coefficients","Coefficients","row:Model > cat:1 > row:Variables > cat:age > column:Statistics > group:Unstandardized Coefficients > cat:Std. Error",1.4557394858245,"1.456"
11,"Regression",5,"Coefficients","Coefficients","row:Model > cat:1 > row:Variables > cat:age > column:Statistics > group:Standardized Coefficients > cat:Beta",0.23320326845718,".233"
11,"Regression",5,"Coefficients","Coefficients","row:Model > cat:1 > row:Variables > cat:age > column:Statistics > cat:t",1.9740232798093,"1.974"
11,"Regression",5,"Coefficients","Coefficients","row:Model > cat:1 > row:Variables > cat:age > column:Statistics > cat:Sig.",0.052443128645579,".052"
11,"Regression",5,"Coefficients","Coefficients","row:Model > cat:1 > row:Variables > cat:age > column:Statistics > group:95.0% Confidence Interval for B > cat:Lower Bound",-0.03121928186274,"-.031"
11,"Regression",5,"Coefficients","Coefficients","row:Model > cat:1 > row:Variables > cat:age > column:Statistics > group:95.0% Confidence Interval for B > cat:Upper Bound",5.7785465505733,"5.779"
11,"Regression",5,"Coefficients","Coefficients","row:Model > cat:1 > row:Variables > cat:sex > column:Statistics > group:Unstandardized Coefficients > cat:B",-3.5491308088618,"-3.549"
11,"Regression",5,"Coefficients","Coefficients","row:Model > cat:1 > row:Variables > cat:sex > column:Statistics > group:Unstandardized Coefficients > cat:Std. Error",34.201894699667,"34.202"
11,"Regression",5,"Coefficients","Coefficients","row:Model > cat:1 > row:Variables > cat:sex > column:Statistics > group:Standardized Coefficients > cat:Beta",-0.012231871156902,"-.012"
11,"Regression",5,"Coefficients","Coefficients","row:Model > cat:1 > row:Variables > cat:sex > column:Statistics > cat:t",-0.10377000572709,"-.104"
11,"Regression",5,"Coefficients","Coefficients","row:Model > cat:1 > row:Variables > cat:sex > column:Statistics > cat:Sig.",0.91765731755747,".918"
11,"Regression",5,"Coefficients","Coefficients","row:Model > cat:1 > row:Variables > cat:sex > column:Statistics > group:95.0% Confidence Interval for B > cat:Lower Bound",-71.79794907807,"-71.798"
11,"Regression",5,"Coefficients","Coefficients","row:Model > cat:1 > row:Variables > cat:sex > column:Statistics > group:95.0% Confidence Interval for B > cat:Upper Bound",64.699687460346,"64.700"
11,"Regression",5,"Coefficients","Coefficients","row:Model > cat:1 > row:Variables > cat:ph_ecog > column:Statistics > group:Unstandardized Coefficients > cat:B",-8.5039276495905,"-8.504"
11,"Regression",5,"Coefficients","Coefficients","row:Model > cat:1 > row:Variables > cat:ph_ecog > column:Statistics > group:Unstandardized Coefficients > cat:Std. Error",20.987845864157,"20.988"
11,"Regression",5,"Coefficients","Coefficients","row:Model > cat:1 > row:Variables > cat:ph_ecog > column:Statistics > group:Standardized Coefficients > cat:Beta",-0.047860233632769,"-.048"
11,"Regression",5,"Coefficients","Coefficients","row:Model > cat:1 > row:Variables > cat:ph_ecog > column:Statistics > cat:t",-0.40518344305708,"-.405"
11,"Regression",5,"Coefficients","Coefficients","row:Model > cat:1 > row:Variables > cat:ph_ecog > column:Statistics > cat:Sig.",0.68661460525027,".687"
11,"Regression",5,"Coefficients","Coefficients","row:Model > cat:1 > row:Variables > cat:ph_ecog > column:Statistics > group:95.0% Confidence Interval for B > cat:Lower Bound",-50.384522009147,"-50.385"
11,"Regression",5,"Coefficients","Coefficients","row:Model > cat:1 > row:Variables > cat:ph_ecog > column:Statistics > group:95.0% Confidence Interval for B > cat:Upper Bound",33.376666709966,"33.377"
12,"Logistic Regression",1,"Notes","Notes","row:Contents > group:Input > cat:N of Rows in Working Data File",72,"72"
12,"Logistic Regression",2,"Case Processing Summary","Case Processing Summary","row:Unweighted Cases > group:Selected Cases > cat:Included in Analysis > column:Statistics > cat:N",72,"72"
12,"Logistic Regression",2,"Case Processing Summary","Case Processing Summary","row:Unweighted Cases > group:Selected Cases > cat:Included in Analysis > column:Statistics > cat:Percent",100,"100.0"
12,"Logistic Regression",2,"Case Processing Summary","Case Processing Summary","row:Unweighted Cases > group:Selected Cases > cat:Missing Cases > column:Statistics > cat:N",0,"0"
12,"Logistic Regression",2,"Case Processing Summary","Case Processing Summary","row:Unweighted Cases > group:Selected Cases > cat:Missing Cases > column:Statistics > cat:Percent",0,".0"
12,"Logistic Regression",2,"Case Processing Summary","Case Processing Summary","row:Unweighted Cases > group:Selected Cases > cat:Total > column:Statistics > cat:N",72,"72"
12,"Logistic Regression",2,"Case Processing Summary","Case Processing Summary","row:Unweighted Cases > group:Selected Cases > cat:Total > column:Statistics > cat:Percent",100,"100.0"
12,"Logistic Regression",2,"Case Processing Summary","Case Processing Summary","row:Unweighted Cases > cat:Unselected Cases > column:Statistics > cat:N",0,"0"
12,"Logistic Regression",2,"Case Processing Summary","Case Processing Summary","row:Unweighted Cases > cat:Unselected Cases > column:Statistics > cat:Percent",0,".0"
12,"Logistic Regression",2,"Case Processing Summary","Case Processing Summary","row:Unweighted Cases > cat:Total > column:Statistics > cat:N",72,"72"
12,"Logistic Regression",2,"Case Processing Summary","Case Processing Summary","row:Unweighted Cases > cat:Total > column:Statistics > cat:Percent",100,"100.0"
12,"Logistic Regression",3,"Dependent Variable Encoding","Dependent Variable Encoding","row:Original Value > cat:0 > column:Internal Value > cat:Internal Value",0,"0"
12,"Logistic Regression",3,"Dependent Variable Encoding","Dependent Variable Encoding","row:Original Value > cat:1 > column:Internal Value > cat:Internal Value",1,"1"
12,"Logistic Regression",4,"Categorical Variables Codings","Categorical Variables Codings","row:Varvalue > group:ph_ecog > cat:0 > column:Statistics > cat:Frequency",24,"24"
12,"Logistic Regression",4,"Categorical Variables Codings","Categorical Variables Codings","row:Varvalue > group:ph_ecog > cat:0 > column:Statistics > group:Parameter coding > cat:(1)",1,"1.000"
12,"Logistic Regression",4,"Categorical Variables Codings","Categorical Variables Codings","row:Varvalue > group:ph_ecog > cat:0 > column:Statistics > group:Parameter coding > cat:(2)",0,".000"
12,"Logistic Regression",4,"Categorical Variables Codings","Categorical Variables Codings","row:Varvalue > group:ph_ecog > cat:1 > column:Statistics > cat:Frequency",24,"24"
12,"Logistic Regression",4,"Categorical Variables Codings","Categorical Variables Codings","row:Varvalue > group:ph_ecog > cat:1 > column:Statistics > group:Parameter coding > cat:(1)",0,".000"
12,"Logistic Regression",4,"Categorical Variables Codings","Categorical Variables Codings","row:Varvalue > group:ph_ecog > cat:1 > column:Statistics > group:Parameter coding > cat:(2)",1,"1.000"
12,"Logistic Regression",4,"Categorical Variables Codings","Categorical Variables Codings","row:Varvalue > group:ph_ecog > cat:2 > column:Statistics > cat:Frequency",24,"24"
12,"Logistic Regression",4,"Categorical Variables Codings","Categorical Variables Codings","row:Varvalue > group:ph_ecog > cat:2 > column:Statistics > group:Parameter coding > cat:(1)",0,".000"
12,"Logistic Regression",4,"Categorical Variables Codings","Categorical Variables Codings","row:Varvalue > group:ph_ecog > cat:2 > column:Statistics > group:Parameter coding > cat:(2)",0,".000"
12,"Logistic Regression",4,"Categorical Variables Codings","Categorical Variables Codings","row:Varvalue > group:sex > cat:1 > column:Statistics > cat:Frequency",36,"36"
12,"Logistic Regression",4,"Categorical Variables Codings","Categorical Variables Codings","row:Varvalue > group:sex > cat:1 > column:Statistics > group:Parameter coding > cat:(1)",0,".000"
12,"Logistic Regression",4,"Categorical Variables Codings","Categorical Variables Codings","row:Varvalue > group:sex > cat:2 > column:Statistics > cat:Frequency",36,"36"
12,"Logistic Regression",4,"Categorical Variables Codings","Categorical Variables Codings","row:Varvalue > group:sex > cat:2 > column:Statistics > group:Parameter coding > cat:(1)",1,"1.000"
12,"Logistic Regression",5,"Classification Table","Classification Table","row:Step > cat:Step 0 > row:Observed > group:status > cat:0 > column:Predicted > group:status > cat:0",0,"0"
12,"Logistic Regression",5,"Classification Table","Classification Table","row:Step > cat:Step 0 > row:Observed > group:status > cat:0 > column:Predicted > group:status > cat:1",22,"22"
12,"Logistic Regression",5,"Classification Table","Classification Table","row:Step > cat:Step 0 > row:Observed > group:status > cat:0 > column:Predicted > cat:Percentage Correct",0,".0"
12,"Logistic Regression",5,"Classification Table","Classification Table","row:Step > cat:Step 0 > row:Observed > group:status > cat:1 > column:Predicted > group:status > cat:0",0,"0"
12,"Logistic Regression",5,"Classification Table","Classification Table","row:Step > cat:Step 0 > row:Observed > group:status > cat:1 > column:Predicted > group:status > cat:1",50,"50"
12,"Logistic Regression",5,"Classification Table","Classification Table","row:Step > cat:Step 0 > row:Observed > group:status > cat:1 > column:Predicted > cat:Percentage Correct",100,"100.0"
12,"Logistic Regression",5,"Classification Table","Classification Table","row:Step > cat:Step 0 > row:Observed > cat:Overall Percentage > column:Predicted > cat:Percentage Correct",69.444444444444,"69.4"
12,"Logistic Regression",6,"Variables in the Equation","Variables in the Equation","row:Variable > group:Step 0 > cat:Constant > column:Statistics > cat:B",0.82098052831976,".821"
12,"Logistic Regression",6,"Variables in the Equation","Variables in the Equation","row:Variable > group:Step 0 > cat:Constant > column:Statistics > cat:S.E.",0.25584085844524,".256"
12,"Logistic Regression",6,"Variables in the Equation","Variables in the Equation","row:Variable > group:Step 0 > cat:Constant > column:Statistics > cat:Wald",10.297360243277,"10.297"
12,"Logistic Regression",6,"Variables in the Equation","Variables in the Equation","row:Variable > group:Step 0 > cat:Constant > column:Statistics > cat:df",1,"1"
12,"Logistic Regression",6,"Variables in the Equation","Variables in the Equation","row:Variable > group:Step 0 > cat:Constant > column:Statistics > cat:Sig.",0.0013322064690624,".001"
12,"Logistic Regression",6,"Variables in the Equation","Variables in the Equation","row:Variable > group:Step 0 > cat:Constant > column:Statistics > cat:Exp(B)",2.2727272187498,"2.273"
12,"Logistic Regression",7,"Variables not in the Equation","Variables not in the Equation","row:Varname > group:Step 0 > group:Variables > cat:age > column:Statistics > cat:Score",0.0090961509528387,".009"
12,"Logistic Regression",7,"Variables not in the Equation","Variables not in the Equation","row:Varname > group:Step 0 > group:Variables > cat:age > column:Statistics > cat:df",1,"1"
12,"Logistic Regression",7,"Variables not in the Equation","Variables not in the Equation","row:Varname > group:Step 0 > group:Variables > cat:age > column:Statistics > cat:Sig.",0.92401797062992,".924"
12,"Logistic Regression",7,"Variables not in the Equation","Variables not in the Equation","row:Varname > group:Step 0 > group:Variables > cat:sex(1) > column:Statistics > cat:Score",4.189091250401,"4.189"
12,"Logistic Regression",7,"Variables not in the Equation","Variables not in the Equation","row:Varname > group:Step 0 > group:Variables > cat:sex(1) > column:Statistics > cat:df",1,"1"
12,"Logistic Regression",7,"Variables not in the Equation","Variables not in the Equation","row:Varname > group:Step 0 > group:Variables > cat:sex(1) > column:Statistics > cat:Sig.",0.040684900589505,".041"
12,"Logistic Regression",7,"Variables not in the Equation","Variables not in the Equation","row:Varname > group:Step 0 > group:Variables > cat:ph_ecog > column:Statistics > cat:Score",0.91636386540068,".916"
12,"Logistic Regression",7,"Variables not in the Equation","Variables not in the Equation","row:Varname > group:Step 0 > group:Variables > cat:ph_ecog > column:Statistics > cat:df",2,"2"
12,"Logistic Regression",7,"Variables not in the Equation","Variables not in the Equation","row:Varname > group:Step 0 > group:Variables > cat:ph_ecog > column:Statistics > cat:Sig.",0.6324324056048,".632"
12,"Logistic Regression",7,"Variables not in the Equation","Variables not in the Equation","row:Varname > group:Step 0 > group:Variables > cat:ph_ecog(1) > column:Statistics > cat:Score",0.52363645380026,".524"
12,"Logistic Regression",7,"Variables not in the Equation","Variables not in the Equation","row:Varname > group:Step 0 > group:Variables > cat:ph_ecog(1) > column:Statistics > cat:df",1,"1"
12,"Logistic Regression",7,"Variables not in the Equation","Variables not in the Equation","row:Varname > group:Step 0 > group:Variables > cat:ph_ecog(1) > column:Statistics > cat:Sig.",0.46929458308897,".469"
12,"Logistic Regression",7,"Variables not in the Equation","Variables not in the Equation","row:Varname > group:Step 0 > group:Variables > cat:ph_ecog(2) > column:Statistics > cat:Score",0.032727296175072,".033"
12,"Logistic Regression",7,"Variables not in the Equation","Variables not in the Equation","row:Varname > group:Step 0 > group:Variables > cat:ph_ecog(2) > column:Statistics > cat:df",1,"1"
12,"Logistic Regression",7,"Variables not in the Equation","Variables not in the Equation","row:Varname > group:Step 0 > group:Variables > cat:ph_ecog(2) > column:Statistics > cat:Sig.",0.85644067512961,".856"
12,"Logistic Regression",7,"Variables not in the Equation","Variables not in the Equation","row:Varname > group:Step 0 > cat:Overall Statistics > column:Statistics > cat:Score",5.1474757539378,"5.147"
12,"Logistic Regression",7,"Variables not in the Equation","Variables not in the Equation","row:Varname > group:Step 0 > cat:Overall Statistics > column:Statistics > cat:df",4,"4"
12,"Logistic Regression",7,"Variables not in the Equation","Variables not in the Equation","row:Varname > group:Step 0 > cat:Overall Statistics > column:Statistics > cat:Sig.",0.27249750944717,".272"
12,"Logistic Regression",8,"Omnibus Tests of Model Coefficients","Omnibus Tests of Model Coefficients","row:Step > cat:Step 1 > row:Model > cat:Step > column:Statistics > cat:Chi-square",5.2750397504609,"5.275"
12,"Logistic Regression",8,"Omnibus Tests of Model Coefficients","Omnibus Tests of Model Coefficients","row:Step > cat:Step 1 > row:Model > cat:Step > column:Statistics > cat:df",4,"4"
12,"Logistic Regression",8,"Omnibus Tests of Model Coefficients","Omnibus Tests of Model Coefficients","row:Step > cat:Step 1 > row:Model > cat:Step > column:Statistics > cat:Sig.",0.26022262124567,".260"
12,"Logistic Regression",8,"Omnibus Tests of Model Coefficients","Omnibus Tests of Model Coefficients","row:Step > cat:Step 1 > row:Model > cat:Block > column:Statistics > cat:Chi-square",5.2750397504609,"5.275"
12,"Logistic Regression",8,"Omnibus Tests of Model Coefficients","Omnibus Tests of Model Coefficients","row:Step > cat:Step 1 > row:Model > cat:Block > column:Statistics > cat:df",4,"4"
12,"Logistic Regression",8,"Omnibus Tests of Model Coefficients","Omnibus Tests of Model Coefficients","row:Step > cat:Step 1 > row:Model > cat:Block > column:Statistics > cat:Sig.",0.26022262124567,".260"
12,"Logistic Regression",8,"Omnibus Tests of Model Coefficients","Omnibus Tests of Model Coefficients","row:Step > cat:Step 1 > row:Model > cat:Model > column:Statistics > cat:Chi-square",5.2750397504609,"5.275"
12,"Logistic Regression",8,"Omnibus Tests of Model Coefficients","Omnibus Tests of Model Coefficients","row:Step > cat:Step 1 > row:Model > cat:Model > column:Statistics > cat:df",4,"4"
12,"Logistic Regression",8,"Omnibus Tests of Model Coefficients","Omnibus Tests of Model Coefficients","row:Step > cat:Step 1 > row:Model > cat:Model > column:Statistics > cat:Sig.",0.26022262124567,".260"
12,"Logistic Regression",9,"Model Summary","Model Summary","row:Step > cat:1 > column:Statistics > cat:-2 Log likelihood",83.356712897271,"83.357"
12,"Logistic Regression",9,"Model Summary","Model Summary","row:Step > cat:1 > column:Statistics > cat:Cox & Snell R Square",0.070644962027251,".071"
12,"Logistic Regression",9,"Model Summary","Model Summary","row:Step > cat:1 > column:Statistics > cat:Nagelkerke R Square",0.099781221961764,".100"
12,"Logistic Regression",10,"Hosmer and Lemeshow Test","Hosmer and Lemeshow Test","row:Step > cat:1 > column:Statistics > cat:Chi-square",8.2367020351109,"8.237"
12,"Logistic Regression",10,"Hosmer and Lemeshow Test","Hosmer and Lemeshow Test","row:Step > cat:1 > column:Statistics > cat:df",8,"8"
12,"Logistic Regression",10,"Hosmer and Lemeshow Test","Hosmer and Lemeshow Test","row:Step > cat:1 > column:Statistics > cat:Sig.",0.41069672365151,".411"
12,"Logistic Regression",11,"Contingency Table","Contingency Table for Hosmer and Lemeshow Test","row:Group > group:Step 1 > cat:1 > column:Statistics > group:status = 0 > cat:Observed",3,"3"
12,"Logistic Regression",11,"Contingency Table","Contingency Table for Hosmer and Lemeshow Test","row:Group > group:Step 1 > cat:1 > column:Statistics > group:status = 0 > cat:Expected",3.5743427113801,"3.574"
12,"Logistic Regression",11,"Contingency Table","Contingency Table for Hosmer and Lemeshow Test","row:Group > group:Step 1 > cat:1 > column:Statistics > group:status = 1 > cat:Observed",4,"4"
12,"Logistic Regression",11,"Contingency Table","Contingency Table for Hosmer and Lemeshow Test","row:Group > group:Step 1 > cat:1 > column:Statistics > group:status = 1 > cat:Expected",3.4256572886199,"3.426"
12,"Logistic Regression",11,"Contingency Table","Contingency Table for Hosmer and Lemeshow Test","row:Group > group:Step 1 > cat:1 > column:Statistics > cat:Total",7,"7"
12,"Logistic Regression",11,"Contingency Table","Contingency Table for Hosmer and Lemeshow Test","row:Group > group:Step 1 > cat:2 > column:Statistics > group:status = 0 > cat:Observed",5,"5"
12,"Logistic Regression",11,"Contingency Table","Contingency Table for Hosmer and Lemeshow Test","row:Group > group:Step 1 > cat:2 > column:Statistics > group:status = 0 > cat:Expected",3.2661760773081,"3.266"
12,"Logistic Regression",11,"Contingency Table","Contingency Table for Hosmer and Lemeshow Test","row:Group > group:Step 1 > cat:2 > column:Statistics > group:status = 1 > cat:Observed",2,"2"
12,"Logistic Regression",11,"Contingency Table","Contingency Table for Hosmer and Lemeshow Test","row:Group > group:Step 1 > cat:2 > column:Statistics > group:status = 1 > cat:Expected",3.7338239226919,"3.734"
12,"Logistic Regression",11,"Contingency Table","Contingency Table for Hosmer and Lemeshow Test","row:Group > group:Step 1 > cat:2 > column:Statistics > cat:Total",7,"7"
12,"Logistic Regression",11,"Contingency Table","Contingency Table for Hosmer and Lemeshow Test","row:Group > group:Step 1 > cat:3 > column:Statistics > group:status = 0 > cat:Observed",2,"2"
12,"Logistic Regression",11,"Contingency Table","Contingency Table for Hosmer and Lemeshow Test","row:Group > group:Step 1 > cat:3 > column:Statistics > group:status = 0 > cat:Expected",2.8301426775212,"2.830"
12,"Logistic Regression",11,"Contingency Table","Contingency Table for Hosmer and Lemeshow Test","row:Group > group:Step 1 > cat:3 > column:Statistics > group:status = 1 > cat:Observed",5,"5"
12,"Logistic Regression",11,"Contingency Table","Contingency Table for Hosmer and Lemeshow Test","row:Group > group:Step 1 > cat:3 > column:Statistics > group:status = 1 > cat:Expected",4.1698573224788,"4.170"
12,"Logistic Regression",11,"Contingency Table","Contingency Table for Hosmer and Lemeshow Test","row:Group > group:Step 1 > cat:3 > column:Statistics > cat:Total",7,"7"
12,"Logistic Regression",11,"Contingency Table","Contingency Table for Hosmer and Lemeshow Test","row:Group > group:Step 1 > cat:4 > column:Statistics > group:status = 0 > cat:Observed",3,"3"
12,"Logistic Regression",11,"Contingency Table","Contingency Table for Hosmer and Lemeshow Test","row:Group > group:Step 1 > cat:4 > column:Statistics > group:status = 0 > cat:Expected",2.6012305638404,"2.601"
12,"Logistic Regression",11,"Contingency Table","Contingency Table for Hosmer and Lemeshow Test","row:Group > group:Step 1 > cat:4 > column:Statistics > group:status = 1 > cat:Observed",4,"4"
12,"Logistic Regression",11,"Contingency Table","Contingency Table for Hosmer and Lemeshow Test","row:Group > group:Step 1 > cat:4 > column:Statistics > group:status = 1 > cat:Expected",4.3987694361596,"4.399"
12,"Logistic Regression",11,"Contingency Table","Contingency Table for Hosmer and Lemeshow Test","row:Group > group:Step 1 > cat:4 > column:Statistics > cat:Total",7,"7"
12,"Logistic Regression",11,"Contingency Table","Contingency Table for Hosmer and Lemeshow Test","row:Group > group:Step 1 > cat:5 > column:Statistics > group:status = 0 > cat:Observed",2,"2"
12,"Logistic Regression",11,"Contingency Table","Contingency Table for Hosmer and Lemeshow Test","row:Group > group:Step 1 > cat:5 > column:Statistics > group:status = 0 > cat:Expected",2.3977997606677,"2.398"
12,"Logistic Regression",11,"Contingency Table","Contingency Table for Hosmer and Lemeshow Test","row:Group > group:Step 1 > cat:5 > column:Statistics > group:status = 1 > cat:Observed",5,"5"
12,"Logistic Regression",11,"Contingency Table","Contingency Table for Hosmer and Lemeshow Test","row:Group > group:Step 1 > cat:5 > column:Statistics > group:status = 1 > cat:Expected",4.6022002393323,"4.602"
12,"Logistic Regression",11,"Contingency Table","Contingency Table for Hosmer and Lemeshow Test","row:Group > group:Step 1 > cat:5 > column:Statistics > cat:Total",7,"7"
12,"Logistic Regression",11,"Contingency Table","Contingency Table for Hosmer and Lemeshow Test","row:Group > group:Step 1 > cat:6 > column:Statistics > group:status = 0 > cat:Observed",3,"3"
12,"Logistic Regression",11,"Contingency Table","Contingency Table for Hosmer and Lemeshow Test","row:Group > group:Step 1 > cat:6 > column:Statistics > group:status = 0 > cat:Expected",1.8887034327177,"1.889"
12,"Logistic Regression",11,"Contingency Table","Contingency Table for Hosmer and Lemeshow Test","row:Group > group:Step 1 > cat:6 > column:Statistics > group:status = 1 > cat:Observed",4,"4"
12,"Logistic Regression",11,"Contingency Table","Contingency Table for Hosmer and Lemeshow Test","row:Group > group:Step 1 > cat:6 > column:Statistics > group:status = 1 > cat:Expected",5.1112965672823,"5.111"
12,"Logistic Regression",11,"Contingency Table","Contingency Table for Hosmer and Lemeshow Test","row:Group > group:Step 1 > cat:6 > column:Statistics > cat:Total",7,"7"
12,"Logistic Regression",11,"Contingency Table","Contingency Table for Hosmer and Lemeshow Test","row:Group > group:Step 1 > cat:7 > column:Statistics > group:status = 0 > cat:Observed",0,"0"
12,"Logistic Regression",11,"Contingency Table","Contingency Table for Hosmer and Lemeshow Test","row:Group > group:Step 1 > cat:7 > column:Statistics > group:status = 0 > cat:Expected",1.6393023986245,"1.639"
12,"Logistic Regression",11,"Contingency Table","Contingency Table for Hosmer and Lemeshow Test","row:Group > group:Step 1 > cat:7 > column:Statistics > group:status = 1 > cat:Observed",7,"7"
12,"Logistic Regression",11,"Contingency Table","Contingency Table for Hosmer and Lemeshow Test","row:Group > group:Step 1 > cat:7 > column:Statistics > group:status = 1 > cat:Expected",5.3606976013755,"5.361"
12,"Logistic Regression",11,"Contingency Table","Contingency Table for Hosmer and Lemeshow Test","row:Group > group:Step 1 > cat:7 > column:Statistics > cat:Total",7,"7"
12,"Logistic Regression",11,"Contingency Table","Contingency Table for Hosmer and Lemeshow Test","row:Group > group:Step 1 > cat:8 > column:Statistics > group:status = 0 > cat:Observed",0,"0"
12,"Logistic Regression",11,"Contingency Table","Contingency Table for Hosmer and Lemeshow Test","row:Group > group:Step 1 > cat:8 > column:Statistics > group:status = 0 > cat:Expected",1.2944799109343,"1.294"
12,"Logistic Regression",11,"Contingency Table","Contingency Table for Hosmer and Lemeshow Test","row:Group > group:Step 1 > cat:8 > column:Statistics > group:status = 1 > cat:Observed",7,"7"
12,"Logistic Regression",11,"Contingency Table","Contingency Table for Hosmer and Lemeshow Test","row:Group > group:Step 1 > cat:8 > column:Statistics > group:status = 1 > cat:Expected",5.7055200890657,"5.706"
12,"Logistic Regression",11,"Contingency Table","Contingency Table for Hosmer and Lemeshow Test","row:Group > group:Step 1 > cat:8 > column:Statistics > cat:Total",7,"7"
12,"Logistic Regression",11,"Contingency Table","Contingency Table for Hosmer and Lemeshow Test","row:Group > group:Step 1 > cat:9 > column:Statistics > group:status = 0 > cat:Observed",2,"2"
12,"Logistic Regression",11,"Contingency Table","Contingency Table for Hosmer and Lemeshow Test","row:Group > group:Step 1 > cat:9 > column:Statistics > group:status = 0 > cat:Expected",1.1700339515793,"1.170"
12,"Logistic Regression",11,"Contingency Table","Contingency Table for Hosmer and Lemeshow Test","row:Group > group:Step 1 > cat:9 > column:Statistics > group:status = 1 > cat:Observed",5,"5"
12,"Logistic Regression",11,"Contingency Table","Contingency Table for Hosmer and Lemeshow Test","row:Group > group:Step 1 > cat:9 > column:Statistics > group:status = 1 > cat:Expected",5.8299660484207,"5.830"
12,"Logistic Regression",11,"Contingency Table","Contingency Table for Hosmer and Lemeshow Test","row:Group > group:Step 1 > cat:9 > column:Statistics > cat:Total",7,"7"
12,"Logistic Regression",11,"Contingency Table","Contingency Table for Hosmer and Lemeshow Test","row:Group > group:Step 1 > cat:10 > column:Statistics > group:status = 0 > cat:Observed",2,"2"
12,"Logistic Regression",11,"Contingency Table","Contingency Table for Hosmer and Lemeshow Test","row:Group > group:Step 1 > cat:10 > column:Statistics > group:status = 0 > cat:Expected",1.3377885229563,"1.338"
12,"Logistic Regression",11,"Contingency Table","Contingency Table for Hosmer and Lemeshow Test","row:Group > group:Step 1 > cat:10 > column:Statistics > group:status = 1 > cat:Observed",7,"7"
12,"Logistic Regression",11,"Contingency Table","Contingency Table for Hosmer and Lemeshow Test","row:Group > group:Step 1 > cat:10 > column:Statistics > group:status = 1 > cat:Expected",7.6622114770437,"7.662"
12,"Logistic Regression",11,"Contingency Table","Contingency Table for Hosmer and Lemeshow Test","row:Group > group:Step 1 > cat:10 > column:Statistics > cat:Total",9,"9"
12,"Logistic Regression",12,"Classification Table","Classification Table","row:Step > cat:Step 1 > row:Observed > group:status > cat:0 > column:Predicted > group:status > cat:0",3,"3"
12,"Logistic Regression",12,"Classification Table","Classification Table","row:Step > cat:Step 1 > row:Observed > group:status > cat:0 > column:Predicted > group:status > cat:1",19,"19"
12,"Logistic Regression",12,"Classification Table","Classification Table","row:Step > cat:Step 1 > row:Observed > group:status > cat:0 > column:Predicted > cat:Percentage Correct",13.636363636364,"13.6"
12,"Logistic Regression",12,"Classification Table","Classification Table","row:Step > cat:Step 1 > row:Observed > group:status > cat:1 > column:Predicted > group:status > cat:0",3,"3"
12,"Logistic Regression",12,"Classification Table","Classification Table","row:Step > cat:Step 1 > row:Observed > group:status > cat:1 > column:Predicted > group:status > cat:1",47,"47"
12,"Logistic Regression",12,"Classification Table","Classification Table","row:Step > cat:Step 1 > row:Observed > group:status > cat:1 > column:Predicted > cat:Percentage Correct",94,"94.0"
12,"Logistic Regression",12,"Classification Table","Classification Table","row:Step > cat:Step 1 > row:Observed > cat:Overall Percentage > column:Predicted > cat:Percentage Correct",69.444444444444,"69.4"
12,"Logistic Regression",13,"Variables in the Equation","Variables in the Equation","row:Variable > group:Step 1 > cat:age > column:Statistics > cat:B",0.0047827660889613,".005"
12,"Logistic Regression",13,"Variables in the Equation","Variables in the Equation","row:Variable > group:Step 1 > cat:age > column:Statistics > cat:S.E.",0.022524753196195,".023"
12,"Logistic Regression",13,"Variables in the Equation","Variables in the Equation","row:Variable > group:Step 1 > cat:age > column:Statistics > cat:Wald",0.045085636000211,".045"
12,"Logistic Regression",13,"Variables in the Equation","Variables in the Equation","row:Variable > group:Step 1 > cat:age > column:Statistics > cat:df",1,"1"
12,"Logistic Regression",13,"Variables in the Equation","Variables in the Equation","row:Variable > group:Step 1 > cat:age > column:Statistics > cat:Sig.",0.83184664014718,".832"
12,"Logistic Regression",13,"Variables in the Equation","Variables in the Equation","row:Variable > group:Step 1 > cat:age > column:Statistics > cat:Exp(B)",1.0047942217707,"1.005"
12,"Logistic Regression",13,"Variables in the Equation","Variables in the Equation","row:Variable > group:Step 1 > cat:age > column:Statistics > group:95% C.I.for EXP(B) > cat:Lower",0.96139979290104,".961"
12,"Logistic Regression",13,"Variables in the Equation","Variables in the Equation","row:Variable > group:Step 1 > cat:age > column:Statistics > group:95% C.I.for EXP(B) > cat:Upper",1.0501473326276,"1.050"
12,"Logistic Regression",13,"Variables in the Equation","Variables in the Equation","row:Variable > group:Step 1 > cat:sex(1) > column:Statistics > cat:B",1.1028153228009,"1.103"
12,"Logistic Regression",13,"Variables in the Equation","Variables in the Equation","row:Variable > group:Step 1 > cat:sex(1) > column:Statistics > cat:S.E.",0.54486172544608,".545"
12,"Logistic Regression",13,"Variables in the Equation","Variables in the Equation","row:Variable > group:Step 1 > cat:sex(1) > column:Statistics > cat:Wald",4.0966888571828,"4.097"
12,"Logistic Regression",13,"Variables in the Equation","Variables in the Equation","row:Variable > group:Step 1 > cat:sex(1) > column:Statistics > cat:df",1,"1"
12,"Logistic Regression",13,"Variables in the Equation","Variables in the Equation","row:Variable > group:Step 1 > cat:sex(1) > column:Statistics > cat:Sig.",0.042967283256808,".043"
12,"Logistic Regression",13,"Variables in the Equation","Variables in the Equation","row:Variable > group:Step 1 > cat:sex(1) > column:Statistics > cat:Exp(B)",3.0126356378055,"3.013"
12,"Logistic Regression",13,"Variables in the Equation","Variables in the Equation","row:Variable > group:Step 1 > cat:sex(1) > column:Statistics > group:95% C.I.for EXP(B) > cat:Lower",1.0355223282288,"1.036"
12,"Logistic Regression",13,"Variables in the Equation","Variables in the Equation","row:Variable > group:Step 1 > cat:sex(1) > column:Statistics > group:95% C.I.for EXP(B) > cat:Upper",8.7646333051065,"8.765"
12,"Logistic Regression",13,"Variables in the Equation","Variables in the Equation","row:Variable > group:Step 1 > cat:ph_ecog > column:Statistics > cat:Wald",0.99036352133522,".990"
12,"Logistic Regression",13,"Variables in the Equation","Variables in the Equation","row:Variable > group:Step 1 > cat:ph_ecog > column:Statistics > cat:df",2,"2"
12,"Logistic Regression",13,"Variables in the Equation","Variables in the Equation","row:Variable > group:Step 1 > cat:ph_ecog > column:Statistics > cat:Sig.",0.60946012134981,".609"
12,"Logistic Regression",13,"Variables in the Equation","Variables in the Equation","row:Variable > group:Step 1 > cat:ph_ecog(1) > column:Statistics > cat:B",0.63450226027252,".635"
12,"Logistic Regression",13,"Variables in the Equation","Variables in the Equation","row:Variable > group:Step 1 > cat:ph_ecog(1) > column:Statistics > cat:S.E.",0.65452912319882,".655"
12,"Logistic Regression",13,"Variables in the Equation","Variables in the Equation","row:Variable > group:Step 1 > cat:ph_ecog(1) > column:Statistics > cat:Wald",0.9397414792882,".940"
12,"Logistic Regression",13,"Variables in the Equation","Variables in the Equation","row:Variable > group:Step 1 > cat:ph_ecog(1) > column:Statistics > cat:df",1,"1"
12,"Logistic Regression",13,"Variables in the Equation","Variables in the Equation","row:Variable > group:Step 1 > cat:ph_ecog(1) > column:Statistics > cat:Sig.",0.33234433543464,".332"
12,"Logistic Regression",13,"Variables in the Equation","Variables in the Equation","row:Variable > group:Step 1 > cat:ph_ecog(1) > column:Statistics > cat:Exp(B)",1.8860831292835,"1.886"
12,"Logistic Regression",13,"Variables in the Equation","Variables in the Equation","row:Variable > group:Step 1 > cat:ph_ecog(1) > column:Statistics > group:95% C.I.for EXP(B) > cat:Lower",0.52290721071433,".523"
12,"Logistic Regression",13,"Variables in the Equation","Variables in the Equation","row:Variable > group:Step 1 > cat:ph_ecog(1) > column:Statistics > group:95% C.I.for EXP(B) > cat:Upper",6.8029461014859,"6.803"
12,"Logistic Regression",13,"Variables in the Equation","Variables in the Equation","row:Variable > group:Step 1 > cat:ph_ecog(2) > column:Statistics > cat:B",0.41578743951967,".416"
12,"Logistic Regression",13,"Variables in the Equation","Variables in the Equation","row:Variable > group:Step 1 > cat:ph_ecog(2) > column:Statistics > cat:S.E.",0.64047135664152,".640"
12,"Logistic Regression",13,"Variables in the Equation","Variables in the Equation","row:Variable > group:Step 1 > cat:ph_ecog(2) > column:Statistics > cat:Wald",0.4214473307335,".421"
12,"Logistic Regression",13,"Variables in the Equation","Variables in the Equation","row:Variable > group:Step 1 > cat:ph_ecog(2) > column:Statistics > cat:df",1,"1"
12,"Logistic Regression",13,"Variables in the Equation","Variables in the Equation","row:Variable > group:Step 1 > cat:ph_ecog(2) > column:Statistics > cat:Sig.",0.51621573649298,".516"
12,"Logistic Regression",13,"Variables in the Equation","Variables in the Equation","row:Variable > group:Step 1 > cat:ph_ecog(2) > column:Statistics > cat:Exp(B)",1.5155636856851,"1.516"
12,"Logistic Regression",13,"Variables in the Equation","Variables in the Equation","row:Variable > group:Step 1 > cat:ph_ecog(2) > column:Statistics > group:95% C.I.for EXP(B) > cat:Lower",0.43192066534947,".432"
12,"Logistic Regression",13,"Variables in the Equation","Variables in the Equation","row:Variable > group:Step 1 > cat:ph_ecog(2) > column:Statistics > group:95% C.I.for EXP(B) > cat:Upper",5.3179518129998,"5.318"
12,"Logistic Regression",13,"Variables in the Equation","Variables in the Equation","row:Variable > group:Step 1 > cat:Constant > column:Statistics > cat:B",-0.29598384339588,"-.296"
12,"Logistic Regression",13,"Variables in the Equation","Variables in the Equation","row:Variable > group:Step 1 > cat:Constant > column:Statistics > cat:S.E.",1.4758766525307,"1.476"
12,"Logistic Regression",13,"Variables in the Equation","Variables in the Equation","row:Variable > group:Step 1 > cat:Constant > column:Statistics > cat:Wald",0.040219427601795,".040"
12,"Logistic Regression",13,"Variables in the Equation","Variables in the Equation","row:Variable > group:Step 1 > cat:Constant > column:Statistics > cat:df",1,"1"
12,"Logistic Regression",13,"Variables in the Equation","Variables in the Equation","row:Variable > group:Step 1 > cat:Constant > column:Statistics > cat:Sig.",0.84105216358054,".841"
12,"Logistic Regression",13,"Variables in the Equation","Variables in the Equation","row:Variable > group:Step 1 > cat:Constant > column:Statistics > cat:Exp(B)",0.74379944519628,".744"
13,"UNIANOVA",1,"Notes","Notes","row:Contents > group:Input > cat:N of Rows in Working Data File",72,"72"
13,"UNIANOVA",2,"Between Subjects Factors","Between-Subjects Factors","row:Factor Levels > group:ph_ecog > cat:0 > column:Properties > cat:N",24,"24"
13,"UNIANOVA",2,"Between Subjects Factors","Between-Subjects Factors","row:Factor Levels > group:ph_ecog > cat:1 > column:Properties > cat:N",24,"24"
13,"UNIANOVA",2,"Between Subjects Factors","Between-Subjects Factors","row:Factor Levels > group:ph_ecog > cat:2 > column:Properties > cat:N",24,"24"
13,"UNIANOVA",3,"Descriptive Statistics","Descriptive Statistics","layer:Dependent Variable > cat:time > row:ph_ecog > group:A > cat:0 > column:Statistics > cat:Mean",282.5,"282.50"
13,"UNIANOVA",3,"Descriptive Statistics","Descriptive Statistics","layer:Dependent Variable > cat:time > row:ph_ecog > group:A > cat:0 > column:Statistics > cat:Std. Deviation",145.83343685297,"145.833"
13,"UNIANOVA",3,"Descriptive Statistics","Descriptive Statistics","layer:Dependent Variable > cat:time > row:ph_ecog > group:A > cat:0 > column:Statistics > cat:N",24,"24"
13,"UNIANOVA",3,"Descriptive Statistics","Descriptive Statistics","layer:Dependent Variable > cat:time > row:ph_ecog > group:A > cat:1 > column:Statistics > cat:Mean",245.5,"245.50"
13,"UNIANOVA",3,"Descriptive Statistics","Descriptive Statistics","layer:Dependent Variable > cat:time > row:ph_ecog > group:A > cat:1 > column:Statistics > cat:Std. Deviation",145.83343685297,"145.833"
13,"UNIANOVA",3,"Descriptive Statistics","Descriptive Statistics","layer:Dependent Variable > cat:time > row:ph_ecog > group:A > cat:1 > column:Statistics > cat:N",24,"24"
13,"UNIANOVA",3,"Descriptive Statistics","Descriptive Statistics","layer:Dependent Variable > cat:time > row:ph_ecog > group:A > cat:2 > column:Statistics > cat:Mean",271,"271.00"
13,"UNIANOVA",3,"Descriptive Statistics","Descriptive Statistics","layer:Dependent Variable > cat:time > row:ph_ecog > group:A > cat:2 > column:Statistics > cat:Std. Deviation",150.34742374277,"150.347"
13,"UNIANOVA",3,"Descriptive Statistics","Descriptive Statistics","layer:Dependent Variable > cat:time > row:ph_ecog > group:A > cat:2 > column:Statistics > cat:N",24,"24"
13,"UNIANOVA",3,"Descriptive Statistics","Descriptive Statistics","layer:Dependent Variable > cat:time > row:ph_ecog > cat:Total > column:Statistics > cat:Mean",266.33333333333,"266.33"
13,"UNIANOVA",3,"Descriptive Statistics","Descriptive Statistics","layer:Dependent Variable > cat:time > row:ph_ecog > cat:Total > column:Statistics > cat:Std. Deviation",146.09528050528,"146.095"
13,"UNIANOVA",3,"Descriptive Statistics","Descriptive Statistics","layer:Dependent Variable > cat:time > row:ph_ecog > cat:Total > column:Statistics > cat:N",72,"72"
13,"UNIANOVA",4,"Levene Test","Levene's Test of Equality of Error Variances","layer:Dependent Variable > cat:time > column:Statistics > cat:F",0.066197140666669,".066"
13,"UNIANOVA",4,"Levene Test","Levene's Test of Equality of Error Variances","layer:Dependent Variable > cat:time > column:Statistics > cat:df1",2,"2"
13,"UNIANOVA",4,"Levene Test","Levene's Test of Equality of Error Variances","layer:Dependent Variable > cat:time > column:Statistics > cat:df2",69,"69"
13,"UNIANOVA",4,"Levene Test","Levene's Test of Equality of Error Variances","layer:Dependent Variable > cat:time > column:Statistics > cat:Sig.",0.93600569918422,".936"
13,"UNIANOVA",5,"Test of Between Subjects Fixed Effects","Tests of Between-Subjects Effects","layer:Dependent Variable > cat:time > row:Source > group:A > cat:Corrected Model > column:Statistics > cat:Type III Sum of Squares",94929.845689728,"94929.846"
13,"UNIANOVA",5,"Test of Between Subjects Fixed Effects","Tests of Between-Subjects Effects","layer:Dependent Variable > cat:time > row:Source > group:A > cat:Corrected Model > column:Statistics > cat:df",3,"3"
13,"UNIANOVA",5,"Test of Between Subjects Fixed Effects","Tests of Between-Subjects Effects","layer:Dependent Variable > cat:time > row:Source > group:A > cat:Corrected Model > column:Statistics > cat:Mean Square",31643.281896576,"31643.282"
13,"UNIANOVA",5,"Test of Between Subjects Fixed Effects","Tests of Between-Subjects Effects","layer:Dependent Variable > cat:time > row:Source > group:A > cat:Corrected Model > column:Statistics > cat:F",1.5147977483828,"1.515"
13,"UNIANOVA",5,"Test of Between Subjects Fixed Effects","Tests of Between-Subjects Effects","layer:Dependent Variable > cat:time > row:Source > group:A > cat:Corrected Model > column:Statistics > cat:Sig.",0.2185316309024,".219"
13,"UNIANOVA",5,"Test of Between Subjects Fixed Effects","Tests of Between-Subjects Effects","layer:Dependent Variable > cat:time > row:Source > group:A > cat:Corrected Model > column:Statistics > cat:Partial Eta Squared",0.062642928582938,".063"
13,"UNIANOVA",5,"Test of Between Subjects Fixed Effects","Tests of Between-Subjects Effects","layer:Dependent Variable > cat:time > row:Source > group:A > cat:Intercept > column:Statistics > cat:Type III Sum of Squares",25543.809165744,"25543.809"
13,"UNIANOVA",5,"Test of Between Subjects Fixed Effects","Tests of Between-Subjects Effects","layer:Dependent Variable > cat:time > row:Source > group:A > cat:Intercept > column:Statistics > cat:df",1,"1"
13,"UNIANOVA",5,"Test of Between Subjects Fixed Effects","Tests of Between-Subjects Effects","layer:Dependent Variable > cat:time > row:Source > group:A > cat:Intercept > column:Statistics > cat:Mean Square",25543.809165744,"25543.809"
13,"UNIANOVA",5,"Test of Between Subjects Fixed Effects","Tests of Between-Subjects Effects","layer:Dependent Variable > cat:time > row:Source > group:A > cat:Intercept > column:Statistics > cat:F",1.222809465082,"1.223"
13,"UNIANOVA",5,"Test of Between Subjects Fixed Effects","Tests of Between-Subjects Effects","layer:Dependent Variable > cat:time > row:Source > group:A > cat:Intercept > column:Statistics > cat:Sig.",0.27270699061351,".273"
13,"UNIANOVA",5,"Test of Between Subjects Fixed Effects","Tests of Between-Subjects Effects","layer:Dependent Variable > cat:time > row:Source > group:A > cat:Intercept > column:Statistics > cat:Partial Eta Squared",0.017664834388133,".018"
13,"UNIANOVA",5,"Test of Between Subjects Fixed Effects","Tests of Between-Subjects Effects","layer:Dependent Variable > cat:time > row:Source > group:A > cat:age > column:Statistics > cat:Type III Sum of Squares",77717.845689728,"77717.846"
13,"UNIANOVA",5,"Test of Between Subjects Fixed Effects","Tests of Between-Subjects Effects","layer:Dependent Variable > cat:time > row:Source > group:A > cat:age > column:Statistics > cat:df",1,"1"
13,"UNIANOVA",5,"Test of Between Subjects Fixed Effects","Tests of Between-Subjects Effects","layer:Dependent Variable > cat:time > row:Source > group:A > cat:age > column:Statistics > cat:Mean Square",77717.845689728,"77717.846"
13,"UNIANOVA",5,"Test of Between Subjects Fixed Effects","Tests of Between-Subjects Effects","layer:Dependent Variable > cat:time > row:Source > group:A > cat:age > column:Statistics > cat:F",3.7204363960965,"3.720"
13,"UNIANOVA",5,"Test of Between Subjects Fixed Effects","Tests of Between-Subjects Effects","layer:Dependent Variable > cat:time > row:Source > group:A > cat:age > column:Statistics > cat:Sig.",0.057925437123645,".058"
13,"UNIANOVA",5,"Test of Between Subjects Fixed Effects","Tests of Between-Subjects Effects","layer:Dependent Variable > cat:time > row:Source > group:A > cat:age > column:Statistics > cat:Partial Eta Squared",0.051874146101808,".052"
13,"UNIANOVA",5,"Test of Between Subjects Fixed Effects","Tests of Between-Subjects Effects","layer:Dependent Variable > cat:time > row:Source > group:A > cat:ph_ecog > column:Statistics > cat:Type III Sum of Squares",14608.046481315,"14608.046"
13,"UNIANOVA",5,"Test of Between Subjects Fixed Effects","Tests of Between-Subjects Effects","layer:Dependent Variable > cat:time > row:Source > group:A > cat:ph_ecog > column:Statistics > cat:df",2,"2"
13,"UNIANOVA",5,"Test of Between Subjects Fixed Effects","Tests of Between-Subjects Effects","layer:Dependent Variable > cat:time > row:Source > group:A > cat:ph_ecog > column:Statistics > cat:Mean Square",7304.0232406577,"7304.023"
13,"UNIANOVA",5,"Test of Between Subjects Fixed Effects","Tests of Between-Subjects Effects","layer:Dependent Variable > cat:time > row:Source > group:A > cat:ph_ecog > column:Statistics > cat:F",0.34965140453024,".350"
13,"UNIANOVA",5,"Test of Between Subjects Fixed Effects","Tests of Between-Subjects Effects","layer:Dependent Variable > cat:time > row:Source > group:A > cat:ph_ecog > column:Statistics > cat:Sig.",0.7061936746054,".706"
13,"UNIANOVA",5,"Test of Between Subjects Fixed Effects","Tests of Between-Subjects Effects","layer:Dependent Variable > cat:time > row:Source > group:A > cat:ph_ecog > column:Statistics > cat:Partial Eta Squared",0.010179183491921,".010"
13,"UNIANOVA",5,"Test of Between Subjects Fixed Effects","Tests of Between-Subjects Effects","layer:Dependent Variable > cat:time > row:Source > group:A > cat:Error > column:Statistics > cat:Type III Sum of Squares",1420482.1543103,"1420482.154"
13,"UNIANOVA",5,"Test of Between Subjects Fixed Effects","Tests of Between-Subjects Effects","layer:Dependent Variable > cat:time > row:Source > group:A > cat:Error > column:Statistics > cat:df",68,"68"
13,"UNIANOVA",5,"Test of Between Subjects Fixed Effects","Tests of Between-Subjects Effects","layer:Dependent Variable > cat:time > row:Source > group:A > cat:Error > column:Statistics > cat:Mean Square",20889.443445739,"20889.443"
13,"UNIANOVA",5,"Test of Between Subjects Fixed Effects","Tests of Between-Subjects Effects","layer:Dependent Variable > cat:time > row:Source > group:A > cat:Total > column:Statistics > cat:Type III Sum of Squares",6622620,"6622620.000"
13,"UNIANOVA",5,"Test of Between Subjects Fixed Effects","Tests of Between-Subjects Effects","layer:Dependent Variable > cat:time > row:Source > group:A > cat:Total > column:Statistics > cat:df",72,"72"
13,"UNIANOVA",5,"Test of Between Subjects Fixed Effects","Tests of Between-Subjects Effects","layer:Dependent Variable > cat:time > row:Source > group:A > cat:Corrected Total > column:Statistics > cat:Type III Sum of Squares",1515412,"1515412.000"
13,"UNIANOVA",5,"Test of Between Subjects Fixed Effects","Tests of Between-Subjects Effects","layer:Dependent Variable > cat:time > row:Source > group:A > cat:Corrected Total > column:Statistics > cat:df",71,"71"
13,"UNIANOVA",6,"Parameter Estimates","Parameter Estimates","layer:Dependent Variable > cat:time > row:Parameter > cat:Intercept > column:Statistics > cat:B",98.592702452178,"98.593"
13,"UNIANOVA",6,"Parameter Estimates","Parameter Estimates","layer:Dependent Variable > cat:time > row:Parameter > cat:Intercept > column:Statistics > cat:Std. Error",94.126792508677,"94.127"
13,"UNIANOVA",6,"Parameter Estimates","Parameter Estimates","layer:Dependent Variable > cat:time > row:Parameter > cat:Intercept > column:Statistics > cat:t",1.0474456828335,"1.047"
13,"UNIANOVA",6,"Parameter Estimates","Parameter Estimates","layer:Dependent Variable > cat:time > row:Parameter > cat:Intercept > column:Statistics > cat:Sig.",0.29860292402424,".299"
13,"UNIANOVA",6,"Parameter Estimates","Parameter Estimates","layer:Dependent Variable > cat:time > row:Parameter > cat:Intercept > column:Statistics > group:95% Confidence Interval > cat:Lower Bound",-89.234387613995,"-89.234"
13,"UNIANOVA",6,"Parameter Estimates","Parameter Estimates","layer:Dependent Variable > cat:time > row:Parameter > cat:Intercept > column:Statistics > group:95% Confidence Interval > cat:Upper Bound",286.41979251835,"286.420"
13,"UNIANOVA",6,"Parameter Estimates","Parameter Estimates","layer:Dependent Variable > cat:time > row:Parameter > cat:Intercept > column:Statistics > cat:Partial Eta Squared",0.015878260944665,".016"
13,"UNIANOVA",6,"Parameter Estimates","Parameter Estimates","layer:Dependent Variable > cat:time > row:Parameter > cat:age > column:Statistics > cat:B",2.8033706918345,"2.803"
13,"UNIANOVA",6,"Parameter Estimates","Parameter Estimates","layer:Dependent Variable > cat:time > row:Parameter > cat:age > column:Statistics > cat:Std. Error",1.4533947479929,"1.453"
13,"UNIANOVA",6,"Parameter Estimates","Parameter Estimates","layer:Dependent Variable > cat:time > row:Parameter > cat:age > column:Statistics > cat:t",1.9288432792989,"1.929"
13,"UNIANOVA",6,"Parameter Estimates","Parameter Estimates","layer:Dependent Variable > cat:time > row:Parameter > cat:age > column:Statistics > cat:Sig.",0.057925437123645,".058"
13,"UNIANOVA",6,"Parameter Estimates","Parameter Estimates","layer:Dependent Variable > cat:time > row:Parameter > cat:age > column:Statistics > group:95% Confidence Interval > cat:Lower Bound",-0.096833372888185,"-.097"
13,"UNIANOVA",6,"Parameter Estimates","Parameter Estimates","layer:Dependent Variable > cat:time > row:Parameter > cat:age > column:Statistics > group:95% Confidence Interval > cat:Upper Bound",5.7035747565572,"5.704"
13,"UNIANOVA",6,"Parameter Estimates","Parameter Estimates","layer:Dependent Variable > cat:time > row:Parameter > cat:age > column:Statistics > cat:Partial Eta Squared",0.051874146101808,".052"
13,"UNIANOVA",6,"Parameter Estimates","Parameter Estimates","layer:Dependent Variable > cat:time > row:Parameter > cat:[ph_ecog=0] > column:Statistics > cat:B",16.873127159349,"16.873"
13,"UNIANOVA",6,"Parameter Estimates","Parameter Estimates","layer:Dependent Variable > cat:time > row:Parameter > cat:[ph_ecog=0] > column:Statistics > cat:Std. Error",41.815630204052,"41.816"
13,"UNIANOVA",6,"Parameter Estimates","Parameter Estimates","layer:Dependent Variable > cat:time > row:Parameter > cat:[ph_ecog=0] > column:Statistics > cat:t",0.40351244443793,".404"
13,"UNIANOVA",6,"Parameter Estimates","Parameter Estimates","layer:Dependent Variable > cat:time > row:Parameter > cat:[ph_ecog=0] > column:Statistics > cat:Sig.",0.68783735520324,".688"
13,"UNIANOVA",6,"Parameter Estimates","Parameter Estimates","layer:Dependent Variable > cat:time > row:Parameter > cat:[ph_ecog=0] > column:Statistics > group:95% Confidence Interval > cat:Lower Bound",-66.56866376098,"-66.569"
13,"UNIANOVA",6,"Parameter Estimates","Parameter Estimates","layer:Dependent Variable > cat:time > row:Parameter > cat:[ph_ecog=0] > column:Statistics > group:95% Confidence Interval > cat:Upper Bound",100.31491807968,"100.315"
13,"UNIANOVA",6,"Parameter Estimates","Parameter Estimates","layer:Dependent Variable > cat:time > row:Parameter > cat:[ph_ecog=0] > column:Statistics > cat:Partial Eta Squared",0.00238872580887,".002"
13,"UNIANOVA",6,"Parameter Estimates","Parameter Estimates","layer:Dependent Variable > cat:time > row:Parameter > cat:[ph_ecog=1] > column:Statistics > cat:B",-18.024344821775,"-18.024"
13,"UNIANOVA",6,"Parameter Estimates","Parameter Estimates","layer:Dependent Variable > cat:time > row:Parameter > cat:[ph_ecog=1] > column:Statistics > cat:Std. Error",41.902364540929,"41.902"
13,"UNIANOVA",6,"Parameter Estimates","Parameter Estimates","layer:Dependent Variable > cat:time > row:Parameter > cat:[ph_ecog=1] > column:Statistics > cat:t",-0.43015101938147,"-.430"
13,"UNIANOVA",6,"Parameter Estimates","Parameter Estimates","layer:Dependent Variable > cat:time > row:Parameter > cat:[ph_ecog=1] > column:Statistics > cat:Sig.",0.66844597460909,".668"
13,"UNIANOVA",6,"Parameter Estimates","Parameter Estimates","layer:Dependent Variable > cat:time > row:Parameter > cat:[ph_ecog=1] > column:Statistics > group:95% Confidence Interval > cat:Lower Bound",-101.63921141663,"-101.639"
13,"UNIANOVA",6,"Parameter Estimates","Parameter Estimates","layer:Dependent Variable > cat:time > row:Parameter > cat:[ph_ecog=1] > column:Statistics > group:95% Confidence Interval > cat:Upper Bound",65.590521773081,"65.591"
13,"UNIANOVA",6,"Parameter Estimates","Parameter Estimates","layer:Dependent Variable > cat:time > row:Parameter > cat:[ph_ecog=1] > column:Statistics > cat:Partial Eta Squared",0.0027136440322415,".003"
13,"UNIANOVA",6,"Parameter Estimates","Parameter Estimates","layer:Dependent Variable > cat:time > row:Parameter > cat:[ph_ecog=2] > column:Statistics > cat:B",0,"0"
13,"UNIANOVA",7,"Estimated Marginal Means","ph_ecog","layer:Dependent Variable > cat:time > row:ph_ecog > cat:0 > column:Statistics > cat:Mean",283.59019971349,"283.590"
13,"UNIANOVA",7,"Estimated Marginal Means","ph_ecog","layer:Dependent Variable > cat:time > row:ph_ecog > cat:0 > column:Statistics > cat:Std. Error",29.507845366904,"29.508"
13,"UNIANOVA",7,"Estimated Marginal Means","ph_ecog","layer:Dependent Variable > cat:time > row:ph_ecog > cat:0 > column:Statistics > group:95% Confidence Interval > cat:Lower Bound",224.70821105041,"224.708"
13,"UNIANOVA",7,"Estimated Marginal Means","ph_ecog","layer:Dependent Variable > cat:time > row:ph_ecog > cat:0 > column:Statistics > group:95% Confidence Interval > cat:Upper Bound",342.47218837657,"342.472"
13,"UNIANOVA",7,"Estimated Marginal Means","ph_ecog","layer:Dependent Variable > cat:time > row:ph_ecog > cat:1 > column:Statistics > cat:Mean",248.69272773237,"248.693"
13,"UNIANOVA",7,"Estimated Marginal Means","ph_ecog","layer:Dependent Variable > cat:time > row:ph_ecog > cat:1 > column:Statistics > cat:Std. Error",29.548829866004,"29.549"
13,"UNIANOVA",7,"Estimated Marginal Means","ph_ecog","layer:Dependent Variable > cat:time > row:ph_ecog > cat:1 > column:Statistics > group:95% Confidence Interval > cat:Lower Bound",189.72895577466,"189.729"
13,"UNIANOVA",7,"Estimated Marginal Means","ph_ecog","layer:Dependent Variable > cat:time > row:ph_ecog > cat:1 > column:Statistics > group:95% Confidence Interval > cat:Upper Bound",307.65649969007,"307.656"
13,"UNIANOVA",7,"Estimated Marginal Means","ph_ecog","layer:Dependent Variable > cat:time > row:ph_ecog > cat:2 > column:Statistics > cat:Mean",266.71707255414,"266.717"
13,"UNIANOVA",7,"Estimated Marginal Means","ph_ecog","layer:Dependent Variable > cat:time > row:ph_ecog > cat:2 > column:Statistics > cat:Std. Error",29.585873963124,"29.586"
13,"UNIANOVA",7,"Estimated Marginal Means","ph_ecog","layer:Dependent Variable > cat:time > row:ph_ecog > cat:2 > column:Statistics > group:95% Confidence Interval > cat:Lower Bound",207.67938025154,"207.679"
13,"UNIANOVA",7,"Estimated Marginal Means","ph_ecog","layer:Dependent Variable > cat:time > row:ph_ecog > cat:2 > column:Statistics > group:95% Confidence Interval > cat:Upper Bound",325.75476485674,"325.755"
14,"GLM",1,"Notes","Notes","row:Contents > group:Input > cat:N of Rows in Working Data File",72,"72"
14,"GLM",3,"Descriptive Statistics","Descriptive Statistics","row:Dependent Variable > cat:rm1 > column:Statistics > cat:Mean",60.347222222222,"60.3472"
14,"GLM",3,"Descriptive Statistics","Descriptive Statistics","row:Dependent Variable > cat:rm1 > column:Statistics > cat:Std. Deviation",11.909913875142,"11.90991"
14,"GLM",3,"Descriptive Statistics","Descriptive Statistics","row:Dependent Variable > cat:rm1 > column:Statistics > cat:N",72,"72"
14,"GLM",3,"Descriptive Statistics","Descriptive Statistics","row:Dependent Variable > cat:rm2 > column:Statistics > cat:Mean",63.252777777778,"63.2528"
14,"GLM",3,"Descriptive Statistics","Descriptive Statistics","row:Dependent Variable > cat:rm2 > column:Statistics > cat:Std. Deviation",11.95080847312,"11.95081"
14,"GLM",3,"Descriptive Statistics","Descriptive Statistics","row:Dependent Variable > cat:rm2 > column:Statistics > cat:N",72,"72"
14,"GLM",3,"Descriptive Statistics","Descriptive Statistics","row:Dependent Variable > cat:rm3 > column:Statistics > cat:Mean",65.803472222222,"65.8035"
14,"GLM",3,"Descriptive Statistics","Descriptive Statistics","row:Dependent Variable > cat:rm3 > column:Statistics > cat:Std. Deviation",11.898311296883,"11.89831"
14,"GLM",3,"Descriptive Statistics","Descriptive Statistics","row:Dependent Variable > cat:rm3 > column:Statistics > cat:N",72,"72"
14,"GLM",4,"Default Multivariate Tests","Multivariate Tests","row:Effect > cat:timepoint > row:Test > cat:Pillai's Trace > column:Statistics > cat:Value",0.99765193222176,".998"
14,"GLM",4,"Default Multivariate Tests","Multivariate Tests","row:Effect > cat:timepoint > row:Test > cat:Pillai's Trace > column:Statistics > cat:F",14870.872958328,"14870.873"
14,"GLM",4,"Default Multivariate Tests","Multivariate Tests","row:Effect > cat:timepoint > row:Test > cat:Pillai's Trace > column:Statistics > cat:Hypothesis df",2,"2.000"
14,"GLM",4,"Default Multivariate Tests","Multivariate Tests","row:Effect > cat:timepoint > row:Test > cat:Pillai's Trace > column:Statistics > cat:Error df",70,"70.000"
14,"GLM",4,"Default Multivariate Tests","Multivariate Tests","row:Effect > cat:timepoint > row:Test > cat:Pillai's Trace > column:Statistics > cat:Sig.",9.4378269841593e-93,".000"
14,"GLM",4,"Default Multivariate Tests","Multivariate Tests","row:Effect > cat:timepoint > row:Test > cat:Pillai's Trace > column:Statistics > cat:Partial Eta Squared",0.99765193222176,".998"
14,"GLM",4,"Default Multivariate Tests","Multivariate Tests","row:Effect > cat:timepoint > row:Test > cat:Wilks' Lambda > column:Statistics > cat:Value",0.0023480677782407,".002"
14,"GLM",4,"Default Multivariate Tests","Multivariate Tests","row:Effect > cat:timepoint > row:Test > cat:Wilks' Lambda > column:Statistics > cat:F",14870.872958328,"14870.873"
14,"GLM",4,"Default Multivariate Tests","Multivariate Tests","row:Effect > cat:timepoint > row:Test > cat:Wilks' Lambda > column:Statistics > cat:Hypothesis df",2,"2.000"
14,"GLM",4,"Default Multivariate Tests","Multivariate Tests","row:Effect > cat:timepoint > row:Test > cat:Wilks' Lambda > column:Statistics > cat:Error df",70,"70.000"
14,"GLM",4,"Default Multivariate Tests","Multivariate Tests","row:Effect > cat:timepoint > row:Test > cat:Wilks' Lambda > column:Statistics > cat:Sig.",9.4378269841567e-93,".000"
14,"GLM",4,"Default Multivariate Tests","Multivariate Tests","row:Effect > cat:timepoint > row:Test > cat:Wilks' Lambda > column:Statistics > cat:Partial Eta Squared",0.99765193222176,".998"
14,"GLM",4,"Default Multivariate Tests","Multivariate Tests","row:Effect > cat:timepoint > row:Test > cat:Hotelling's Trace > column:Statistics > cat:Value",424.88208452367,"424.882"
14,"GLM",4,"Default Multivariate Tests","Multivariate Tests","row:Effect > cat:timepoint > row:Test > cat:Hotelling's Trace > column:Statistics > cat:F",14870.872958328,"14870.873"
14,"GLM",4,"Default Multivariate Tests","Multivariate Tests","row:Effect > cat:timepoint > row:Test > cat:Hotelling's Trace > column:Statistics > cat:Hypothesis df",2,"2.000"
14,"GLM",4,"Default Multivariate Tests","Multivariate Tests","row:Effect > cat:timepoint > row:Test > cat:Hotelling's Trace > column:Statistics > cat:Error df",70,"70.000"
14,"GLM",4,"Default Multivariate Tests","Multivariate Tests","row:Effect > cat:timepoint > row:Test > cat:Hotelling's Trace > column:Statistics > cat:Sig.",9.4378269841567e-93,".000"
14,"GLM",4,"Default Multivariate Tests","Multivariate Tests","row:Effect > cat:timepoint > row:Test > cat:Hotelling's Trace > column:Statistics > cat:Partial Eta Squared",0.99765193222176,".998"
14,"GLM",4,"Default Multivariate Tests","Multivariate Tests","row:Effect > cat:timepoint > row:Test > cat:Roy's Largest Root > column:Statistics > cat:Value",424.88208452367,"424.882"
14,"GLM",4,"Default Multivariate Tests","Multivariate Tests","row:Effect > cat:timepoint > row:Test > cat:Roy's Largest Root > column:Statistics > cat:F",14870.872958328,"14870.873"
14,"GLM",4,"Default Multivariate Tests","Multivariate Tests","row:Effect > cat:timepoint > row:Test > cat:Roy's Largest Root > column:Statistics > cat:Hypothesis df",2,"2.000"
14,"GLM",4,"Default Multivariate Tests","Multivariate Tests","row:Effect > cat:timepoint > row:Test > cat:Roy's Largest Root > column:Statistics > cat:Error df",70,"70.000"
14,"GLM",4,"Default Multivariate Tests","Multivariate Tests","row:Effect > cat:timepoint > row:Test > cat:Roy's Largest Root > column:Statistics > cat:Sig.",9.4378269841567e-93,".000"
14,"GLM",4,"Default Multivariate Tests","Multivariate Tests","row:Effect > cat:timepoint > row:Test > cat:Roy's Largest Root > column:Statistics > cat:Partial Eta Squared",0.99765193222176,".998"
14,"GLM",5,"Mauchly Test","Mauchly's Test of Sphericity","layer:Measure > cat:MEASURE_1 > row:Within Subjects Effect > cat:timepoint > column:Statistics > cat:Mauchly's W",0.76872584312702,".769"
14,"GLM",5,"Mauchly Test","Mauchly's Test of Sphericity","layer:Measure > cat:MEASURE_1 > row:Within Subjects Effect > cat:timepoint > column:Statistics > cat:Approx. Chi-Square",18.411461875082,"18.411"
14,"GLM",5,"Mauchly Test","Mauchly's Test of Sphericity","layer:Measure > cat:MEASURE_1 > row:Within Subjects Effect > cat:timepoint > column:Statistics > cat:df",2,"2"
14,"GLM",5,"Mauchly Test","Mauchly's Test of Sphericity","layer:Measure > cat:MEASURE_1 > row:Within Subjects Effect > cat:timepoint > column:Statistics > cat:Sig.",0.00010046200742194,".000"
14,"GLM",5,"Mauchly Test","Mauchly's Test of Sphericity","layer:Measure > cat:MEASURE_1 > row:Within Subjects Effect > cat:timepoint > column:Statistics > group:Epsilon > cat:Greenhouse-Geisser",0.81216680657025,".812"
14,"GLM",5,"Mauchly Test","Mauchly's Test of Sphericity","layer:Measure > cat:MEASURE_1 > row:Within Subjects Effect > cat:timepoint > column:Statistics > group:Epsilon > cat:Huynh-Feldt",0.82847507009957,".828"
14,"GLM",5,"Mauchly Test","Mauchly's Test of Sphericity","layer:Measure > cat:MEASURE_1 > row:Within Subjects Effect > cat:timepoint > column:Statistics > group:Epsilon > cat:Lower-bound",0.5,".500"
14,"GLM",6,"Tests of Within Subjects Effects","Tests of Within-Subjects Effects","layer:Measure > cat:MEASURE_1 > row:Source > cat:timepoint > row:Epsilon Corrections > cat:Sphericity Assumed > column:Statistics > cat:Type III Sum of Squares",1073.2550231481,"1073.255"
14,"GLM",6,"Tests of Within Subjects Effects","Tests of Within-Subjects Effects","layer:Measure > cat:MEASURE_1 > row:Source > cat:timepoint > row:Epsilon Corrections > cat:Sphericity Assumed > column:Statistics > cat:df",2,"2"
14,"GLM",6,"Tests of Within Subjects Effects","Tests of Within-Subjects Effects","layer:Measure > cat:MEASURE_1 > row:Source > cat:timepoint > row:Epsilon Corrections > cat:Sphericity Assumed > column:Statistics > cat:Mean Square",536.62751157406,"536.628"
14,"GLM",6,"Tests of Within Subjects Effects","Tests of Within-Subjects Effects","layer:Measure > cat:MEASURE_1 > row:Source > cat:timepoint > row:Epsilon Corrections > cat:Sphericity Assumed > column:Statistics > cat:F",9462.085141551,"9462.085"
14,"GLM",6,"Tests of Within Subjects Effects","Tests of Within-Subjects Effects","layer:Measure > cat:MEASURE_1 > row:Source > cat:timepoint > row:Epsilon Corrections > cat:Sphericity Assumed > column:Statistics > cat:Sig.",8.1991014785322e-152,".000"
14,"GLM",6,"Tests of Within Subjects Effects","Tests of Within-Subjects Effects","layer:Measure > cat:MEASURE_1 > row:Source > cat:timepoint > row:Epsilon Corrections > cat:Sphericity Assumed > column:Statistics > cat:Partial Eta Squared",0.99255225365705,".993"
14,"GLM",6,"Tests of Within Subjects Effects","Tests of Within-Subjects Effects","layer:Measure > cat:MEASURE_1 > row:Source > cat:timepoint > row:Epsilon Corrections > cat:Greenhouse-Geisser > column:Statistics > cat:Type III Sum of Squares",1073.2550231481,"1073.255"
14,"GLM",6,"Tests of Within Subjects Effects","Tests of Within-Subjects Effects","layer:Measure > cat:MEASURE_1 > row:Source > cat:timepoint > row:Epsilon Corrections > cat:Greenhouse-Geisser > column:Statistics > cat:df",1.6243336131405,"1.624"
14,"GLM",6,"Tests of Within Subjects Effects","Tests of Within-Subjects Effects","layer:Measure > cat:MEASURE_1 > row:Source > cat:timepoint > row:Epsilon Corrections > cat:Greenhouse-Geisser > column:Statistics > cat:Mean Square",660.7355868682,"660.736"
14,"GLM",6,"Tests of Within Subjects Effects","Tests of Within-Subjects Effects","layer:Measure > cat:MEASURE_1 > row:Source > cat:timepoint > row:Epsilon Corrections > cat:Greenhouse-Geisser > column:Statistics > cat:F",9462.085141551,"9462.085"
14,"GLM",6,"Tests of Within Subjects Effects","Tests of Within-Subjects Effects","layer:Measure > cat:MEASURE_1 > row:Source > cat:timepoint > row:Epsilon Corrections > cat:Greenhouse-Geisser > column:Statistics > cat:Sig.",7.9621967331996e-124,".000"
14,"GLM",6,"Tests of Within Subjects Effects","Tests of Within-Subjects Effects","layer:Measure > cat:MEASURE_1 > row:Source > cat:timepoint > row:Epsilon Corrections > cat:Greenhouse-Geisser > column:Statistics > cat:Partial Eta Squared",0.99255225365705,".993"
14,"GLM",6,"Tests of Within Subjects Effects","Tests of Within-Subjects Effects","layer:Measure > cat:MEASURE_1 > row:Source > cat:timepoint > row:Epsilon Corrections > cat:Huynh-Feldt > column:Statistics > cat:Type III Sum of Squares",1073.2550231481,"1073.255"
14,"GLM",6,"Tests of Within Subjects Effects","Tests of Within-Subjects Effects","layer:Measure > cat:MEASURE_1 > row:Source > cat:timepoint > row:Epsilon Corrections > cat:Huynh-Feldt > column:Statistics > cat:df",1.6569501401991,"1.657"
14,"GLM",6,"Tests of Within Subjects Effects","Tests of Within-Subjects Effects","layer:Measure > cat:MEASURE_1 > row:Source > cat:timepoint > row:Epsilon Corrections > cat:Huynh-Feldt > column:Statistics > cat:Mean Square",647.72922075925,"647.729"
14,"GLM",6,"Tests of Within Subjects Effects","Tests of Within-Subjects Effects","layer:Measure > cat:MEASURE_1 > row:Source > cat:timepoint > row:Epsilon Corrections > cat:Huynh-Feldt > column:Statistics > cat:F",9462.085141551,"9462.085"
14,"GLM",6,"Tests of Within Subjects Effects","Tests of Within-Subjects Effects","layer:Measure > cat:MEASURE_1 > row:Source > cat:timepoint > row:Epsilon Corrections > cat:Huynh-Feldt > column:Statistics > cat:Sig.",2.9568106088669e-126,".000"
14,"GLM",6,"Tests of Within Subjects Effects","Tests of Within-Subjects Effects","layer:Measure > cat:MEASURE_1 > row:Source > cat:timepoint > row:Epsilon Corrections > cat:Huynh-Feldt > column:Statistics > cat:Partial Eta Squared",0.99255225365705,".993"
14,"GLM",6,"Tests of Within Subjects Effects","Tests of Within-Subjects Effects","layer:Measure > cat:MEASURE_1 > row:Source > cat:timepoint > row:Epsilon Corrections > cat:Lower-bound > column:Statistics > cat:Type III Sum of Squares",1073.2550231481,"1073.255"
14,"GLM",6,"Tests of Within Subjects Effects","Tests of Within-Subjects Effects","layer:Measure > cat:MEASURE_1 > row:Source > cat:timepoint > row:Epsilon Corrections > cat:Lower-bound > column:Statistics > cat:df",1,"1.000"
14,"GLM",6,"Tests of Within Subjects Effects","Tests of Within-Subjects Effects","layer:Measure > cat:MEASURE_1 > row:Source > cat:timepoint > row:Epsilon Corrections > cat:Lower-bound > column:Statistics > cat:Mean Square",1073.2550231481,"1073.255"
14,"GLM",6,"Tests of Within Subjects Effects","Tests of Within-Subjects Effects","layer:Measure > cat:MEASURE_1 > row:Source > cat:timepoint > row:Epsilon Corrections > cat:Lower-bound > column:Statistics > cat:F",9462.085141551,"9462.085"
14,"GLM",6,"Tests of Within Subjects Effects","Tests of Within-Subjects Effects","layer:Measure > cat:MEASURE_1 > row:Source > cat:timepoint > row:Epsilon Corrections > cat:Lower-bound > column:Statistics > cat:Sig.",2.7117118743766e-77,".000"
14,"GLM",6,"Tests of Within Subjects Effects","Tests of Within-Subjects Effects","layer:Measure > cat:MEASURE_1 > row:Source > cat:timepoint > row:Epsilon Corrections > cat:Lower-bound > column:Statistics > cat:Partial Eta Squared",0.99255225365705,".993"
14,"GLM",6,"Tests of Within Subjects Effects","Tests of Within-Subjects Effects","layer:Measure > cat:MEASURE_1 > row:Source > cat:Error(timepoint) > row:Epsilon Corrections > cat:Sphericity Assumed > column:Statistics > cat:Type III Sum of Squares",8.0533101851825,"8.053"
14,"GLM",6,"Tests of Within Subjects Effects","Tests of Within-Subjects Effects","layer:Measure > cat:MEASURE_1 > row:Source > cat:Error(timepoint) > row:Epsilon Corrections > cat:Sphericity Assumed > column:Statistics > cat:df",142,"142"
14,"GLM",6,"Tests of Within Subjects Effects","Tests of Within-Subjects Effects","layer:Measure > cat:MEASURE_1 > row:Source > cat:Error(timepoint) > row:Epsilon Corrections > cat:Sphericity Assumed > column:Statistics > cat:Mean Square",0.056713452008328,".057"
14,"GLM",6,"Tests of Within Subjects Effects","Tests of Within-Subjects Effects","layer:Measure > cat:MEASURE_1 > row:Source > cat:Error(timepoint) > row:Epsilon Corrections > cat:Greenhouse-Geisser > column:Statistics > cat:Type III Sum of Squares",8.0533101851825,"8.053"
14,"GLM",6,"Tests of Within Subjects Effects","Tests of Within-Subjects Effects","layer:Measure > cat:MEASURE_1 > row:Source > cat:Error(timepoint) > row:Epsilon Corrections > cat:Greenhouse-Geisser > column:Statistics > cat:df",115.32768653297,"115.328"
14,"GLM",6,"Tests of Within Subjects Effects","Tests of Within-Subjects Effects","layer:Measure > cat:MEASURE_1 > row:Source > cat:Error(timepoint) > row:Epsilon Corrections > cat:Greenhouse-Geisser > column:Statistics > cat:Mean Square",0.06982980780491,".070"
14,"GLM",6,"Tests of Within Subjects Effects","Tests of Within-Subjects Effects","layer:Measure > cat:MEASURE_1 > row:Source > cat:Error(timepoint) > row:Epsilon Corrections > cat:Huynh-Feldt > column:Statistics > cat:Type III Sum of Squares",8.0533101851825,"8.053"
14,"GLM",6,"Tests of Within Subjects Effects","Tests of Within-Subjects Effects","layer:Measure > cat:MEASURE_1 > row:Source > cat:Error(timepoint) > row:Epsilon Corrections > cat:Huynh-Feldt > column:Statistics > cat:df",117.64345995414,"117.643"
14,"GLM",6,"Tests of Within Subjects Effects","Tests of Within-Subjects Effects","layer:Measure > cat:MEASURE_1 > row:Source > cat:Error(timepoint) > row:Epsilon Corrections > cat:Huynh-Feldt > column:Statistics > cat:Mean Square",0.068455230646242,".068"
14,"GLM",6,"Tests of Within Subjects Effects","Tests of Within-Subjects Effects","layer:Measure > cat:MEASURE_1 > row:Source > cat:Error(timepoint) > row:Epsilon Corrections > cat:Lower-bound > column:Statistics > cat:Type III Sum of Squares",8.0533101851825,"8.053"
14,"GLM",6,"Tests of Within Subjects Effects","Tests of Within-Subjects Effects","layer:Measure > cat:MEASURE_1 > row:Source > cat:Error(timepoint) > row:Epsilon Corrections > cat:Lower-bound > column:Statistics > cat:df",71,"71.000"
14,"GLM",6,"Tests of Within Subjects Effects","Tests of Within-Subjects Effects","layer:Measure > cat:MEASURE_1 > row:Source > cat:Error(timepoint) > row:Epsilon Corrections > cat:Lower-bound > column:Statistics > cat:Mean Square",0.11342690401666,".113"
14,"GLM",7,"Tests of Within Subjects Contrasts","Tests of Within-Subjects Contrasts","layer:Measure > cat:MEASURE_1 > row:Source > cat:timepoint > row:timepoint > cat:Linear > column:Statistics > cat:Type III Sum of Squares",1071.74390625,"1071.744"
14,"GLM",7,"Tests of Within Subjects Contrasts","Tests of Within-Subjects Contrasts","layer:Measure > cat:MEASURE_1 > row:Source > cat:timepoint > row:timepoint > cat:Linear > column:Statistics > cat:df",1,"1"
14,"GLM",7,"Tests of Within Subjects Contrasts","Tests of Within-Subjects Contrasts","layer:Measure > cat:MEASURE_1 > row:Source > cat:timepoint > row:timepoint > cat:Linear > column:Statistics > cat:Mean Square",1071.74390625,"1071.744"
14,"GLM",7,"Tests of Within Subjects Contrasts","Tests of Within-Subjects Contrasts","layer:Measure > cat:MEASURE_1 > row:Source > cat:timepoint > row:timepoint > cat:Linear > column:Statistics > cat:F",23414.607961948,"23414.608"
14,"GLM",7,"Tests of Within Subjects Contrasts","Tests of Within-Subjects Contrasts","layer:Measure > cat:MEASURE_1 > row:Source > cat:timepoint > row:timepoint > cat:Linear > column:Statistics > cat:Sig.",3.4011703213789e-91,".000"
14,"GLM",7,"Tests of Within Subjects Contrasts","Tests of Within-Subjects Contrasts","layer:Measure > cat:MEASURE_1 > row:Source > cat:timepoint > row:timepoint > cat:Linear > column:Statistics > cat:Partial Eta Squared",0.99697687195856,".997"
14,"GLM",7,"Tests of Within Subjects Contrasts","Tests of Within-Subjects Contrasts","layer:Measure > cat:MEASURE_1 > row:Source > cat:timepoint > row:timepoint > cat:Quadratic > column:Statistics > cat:Type III Sum of Squares",1.511116898153,"1.511"
14,"GLM",7,"Tests of Within Subjects Contrasts","Tests of Within-Subjects Contrasts","layer:Measure > cat:MEASURE_1 > row:Source > cat:timepoint > row:timepoint > cat:Quadratic > column:Statistics > cat:df",1,"1"
14,"GLM",7,"Tests of Within Subjects Contrasts","Tests of Within-Subjects Contrasts","layer:Measure > cat:MEASURE_1 > row:Source > cat:timepoint > row:timepoint > cat:Quadratic > column:Statistics > cat:Mean Square",1.511116898153,"1.511"
14,"GLM",7,"Tests of Within Subjects Contrasts","Tests of Within-Subjects Contrasts","layer:Measure > cat:MEASURE_1 > row:Source > cat:timepoint > row:timepoint > cat:Quadratic > column:Statistics > cat:F",22.33580711274,"22.336"
14,"GLM",7,"Tests of Within Subjects Contrasts","Tests of Within-Subjects Contrasts","layer:Measure > cat:MEASURE_1 > row:Source > cat:timepoint > row:timepoint > cat:Quadratic > column:Statistics > cat:Sig.",1.1246732303425e-05,".000"
14,"GLM",7,"Tests of Within Subjects Contrasts","Tests of Within-Subjects Contrasts","layer:Measure > cat:MEASURE_1 > row:Source > cat:timepoint > row:timepoint > cat:Quadratic > column:Statistics > cat:Partial Eta Squared",0.23930587631562,".239"
14,"GLM",7,"Tests of Within Subjects Contrasts","Tests of Within-Subjects Contrasts","layer:Measure > cat:MEASURE_1 > row:Source > cat:Error(timepoint) > row:timepoint > cat:Linear > column:Statistics > cat:Type III Sum of Squares",3.2498437499962,"3.250"
14,"GLM",7,"Tests of Within Subjects Contrasts","Tests of Within-Subjects Contrasts","layer:Measure > cat:MEASURE_1 > row:Source > cat:Error(timepoint) > row:timepoint > cat:Linear > column:Statistics > cat:df",71,"71"
14,"GLM",7,"Tests of Within Subjects Contrasts","Tests of Within-Subjects Contrasts","layer:Measure > cat:MEASURE_1 > row:Source > cat:Error(timepoint) > row:timepoint > cat:Linear > column:Statistics > cat:Mean Square",0.045772447183045,".046"
14,"GLM",7,"Tests of Within Subjects Contrasts","Tests of Within-Subjects Contrasts","layer:Measure > cat:MEASURE_1 > row:Source > cat:Error(timepoint) > row:timepoint > cat:Quadratic > column:Statistics > cat:Type III Sum of Squares",4.8034664351871,"4.803"
14,"GLM",7,"Tests of Within Subjects Contrasts","Tests of Within-Subjects Contrasts","layer:Measure > cat:MEASURE_1 > row:Source > cat:Error(timepoint) > row:timepoint > cat:Quadratic > column:Statistics > cat:df",71,"71"
14,"GLM",7,"Tests of Within Subjects Contrasts","Tests of Within-Subjects Contrasts","layer:Measure > cat:MEASURE_1 > row:Source > cat:Error(timepoint) > row:timepoint > cat:Quadratic > column:Statistics > cat:Mean Square",0.067654456833622,".068"
14,"GLM",8,"Test of Between Subjects Fixed Effects","Tests of Between-Subjects Effects","layer:Measure > cat:MEASURE_1 > layer:Transformed Variable > cat:Average > row:Source > cat:Intercept > column:Statistics > cat:Type III Sum of Squares",860968.20695602,"860968.207"
14,"GLM",8,"Test of Between Subjects Fixed Effects","Tests of Between-Subjects Effects","layer:Measure > cat:MEASURE_1 > layer:Transformed Variable > cat:Average > row:Source > cat:Intercept > column:Statistics > cat:df",1,"1"
14,"GLM",8,"Test of Between Subjects Fixed Effects","Tests of Between-Subjects Effects","layer:Measure > cat:MEASURE_1 > layer:Transformed Variable > cat:Average > row:Source > cat:Intercept > column:Statistics > cat:Mean Square",860968.20695602,"860968.207"
14,"GLM",8,"Test of Between Subjects Fixed Effects","Tests of Between-Subjects Effects","layer:Measure > cat:MEASURE_1 > layer:Transformed Variable > cat:Average > row:Source > cat:Intercept > column:Statistics > cat:F",2020.462796584,"2020.463"
14,"GLM",8,"Test of Between Subjects Fixed Effects","Tests of Between-Subjects Effects","layer:Measure > cat:MEASURE_1 > layer:Transformed Variable > cat:Average > row:Source > cat:Intercept > column:Statistics > cat:Sig.",6.6952043688246e-54,".000"
14,"GLM",8,"Test of Between Subjects Fixed Effects","Tests of Between-Subjects Effects","layer:Measure > cat:MEASURE_1 > layer:Transformed Variable > cat:Average > row:Source > cat:Intercept > column:Statistics > cat:Partial Eta Squared",0.96605246810225,".966"
14,"GLM",8,"Test of Between Subjects Fixed Effects","Tests of Between-Subjects Effects","layer:Measure > cat:MEASURE_1 > layer:Transformed Variable > cat:Average > row:Source > cat:Error > column:Statistics > cat:Type III Sum of Squares",30254.822210648,"30254.822"
14,"GLM",8,"Test of Between Subjects Fixed Effects","Tests of Between-Subjects Effects","layer:Measure > cat:MEASURE_1 > layer:Transformed Variable > cat:Average > row:Source > cat:Error > column:Statistics > cat:df",71,"71"
14,"GLM",8,"Test of Between Subjects Fixed Effects","Tests of Between-Subjects Effects","layer:Measure > cat:MEASURE_1 > layer:Transformed Variable > cat:Average > row:Source > cat:Error > column:Statistics > cat:Mean Square",426.124256488,"426.124"
